,"Beef stewing cuts, per kilogram 4","Beef striploin cuts, per kilogram 4","Beef top sirloin cuts, per kilogram 4","Beef rib cuts, per kilogram 4","Ground beef, per kilogram 4","Pork loin cuts, per kilogram 4","Pork rib cuts, per kilogram 4","Pork shoulder cuts, per kilogram 4","Whole chicken, per kilogram 4","Chicken breasts, per kilogram 4","Chicken thigh, per kilogram 4","Chicken drumsticks, per kilogram 4","Bacon, 500 grams 5","Wieners, 400 grams 5","Salmon, per kilogram 4","Shrimp, 300 grams 5","Canned salmon, 213 grams 5","Canned tuna, 170 grams 4","Meatless burgers, 226 grams 5","Milk, 1 litre 4","Milk, 2 litres 4","Milk, 4 litres 4","Soy milk, 1.89 litres 5","Nut milk, 1.89 litres 5","Cream, 1 litre 4","Butter, 454 grams 4","Margarine, 907 grams 5","Block cheese, 500 grams 5","Yogurt, 500 grams 5","Eggs, 1 dozen 4","Apples, per kilogram 4","Oranges, per kilogram 4","Oranges, 1.36 kilograms 4 5","Bananas, per kilogram 4","Pears, per kilogram 4","Lemons, unit 4","Limes, unit 4","Grapes, per kilogram 4","Cantaloupe, unit 4","Strawberries, 454 grams 5","Avocado, unit 4","Potatoes, 4.54 kilograms 4","Potatoes, per kilogram 4","Sweet potatoes, per kilogram 4","Tomatoes, per kilogram 4","Cabbage, per kilogram 4","Carrots, 1.36 kilograms 5","Onions, per kilogram 4","Onions, 1.36 kilograms 5","Celery, unit 4","Cucumber, unit 4","Mushrooms, 227 grams 5","Iceberg lettuce, unit 4","Romaine lettuce, unit 4","Broccoli, unit 4","Peppers, per kilogram 4","Squash, per kilogram 4","Salad greens, 142 grams 5","Frozen french fried potatoes, 750 grams 5","Frozen green beans, 750 grams 5","Frozen broccoli, 500 grams 4","Frozen corn, 750 grams  5","Frozen mixed vegetables, 750 grams  5","Frozen peas, 750 grams 5","Frozen pizza, 390 grams 5","Frozen spinach, 300 grams 5","Frozen strawberries, 600 grams 4","White bread, 675 grams 5","Flatbread and pita, 500 grams  5","Crackers and crisp breads, 200 grams  4","Cookies and sweet biscuits, 300 grams  5","Dry or fresh pasta, 500 grams 5","Brown rice, 900 grams  5","White rice, 2 kilograms 5","Cereal, 400 grams 5","Wheat flour, 2.5 kilograms 5","White sugar, 2 kilograms 5","Apple juice, 2 litres 5","Orange juice, 2 litres 5","Roasted or ground coffee, 340 grams 5",Tea (20 bags) 4,"Ketchup, 1 litre 5","Vegetable oil, 3 litres 5","Canola oil, 3 litres 5","Olive oil, 1 litre 5","Baby food, 128 millilitres 5","Infant formula, 900 grams  5","Peanut butter, 1 kilogram 5","Mayonnaise, 890 millilitres  5","Canned baked beans, 398 millilitres 5","Canned tomatoes, 796 millilitres 5","Canned soup, 284 millilitres 5","Canned beans and lentils, 540 millilitres 4","Canned corn, 341 millilitres 5","Canned peach, 398 millilitres 5","Canned pear, 398 millilitres 5","Dried lentils, 900 grams 5","Dry beans and legumes, 900 grams  5","Tofu, 350 grams  5","Hummus, 227 grams 5","Salsa, 418 millilitres 5","Pasta sauce, 650 millilitres 5","Salad dressing, 475 millilitres 5","Almonds, 200 grams 5","Peanuts, 450 grams 5","Sunflower seeds, 400 grams  5","Deodorant, 85 grams 5","Toothpaste, 100 millilitres 5","Shampoo, 400 millilitres 5","Laundry detergent, 4.43 litres 5"
April 2017,13.60,17.86,10.45,16.27,10.89,7.72,8.46,6.85,5.20,10.49,9.17,6.54,5.56,3.09,23.96,5.93,3.15,1.54,4.18,2.82,4.38,4.68,3.83,3.89,2.95,3.89,4.69,5.36,2.60,2.73,3.76,3.10,4.08,1.38,3.60,0.77,0.51,6.11,2.43,2.72,1.84,3.58,3.35,2.68,3.09,1.79,2.44,3.46,3.01,2.30,1.03,1.83,2.52,3.41,2.92,5.70,3.49,3.57,2.03,3.13,2.70,2.44,2.77,2.47,3.87,1.25,4.56,2.35,2.44,2.32,2.29,2.45,4.15,6.31,3.13,4.73,1.95,2.71,3.22,4.68,3.23,3.14,5.57,7.91,8.68,1.40,26.98,3.79,4.17,1.16,1.22,0.97,1.06,0.93,2.27,2.09,2.95,2.72,1.86,3.18,3.10,2.01,2.38,4.32,3.35,3.65,4.86,2.62,5.23,9.79
May 2017,15.38,23.05,17.77,19.08,9.21,8.60,7.65,7.49,5.65,11.01,9.35,6.62,5.55,2.85,25.88,6.53,3.29,1.51,4.08,2.86,4.38,4.69,3.82,3.93,3.47,4.13,4.42,6.00,2.48,2.77,3.70,3.24,4.44,1.39,3.68,0.85,0.46,6.91,2.09,2.73,2.04,3.68,3.41,3.20,2.85,1.95,2.77,3.49,3.06,2.99,0.99,1.81,2.32,2.81,2.75,5.71,3.80,3.63,2.04,3.40,3.07,2.90,3.05,2.90,3.88,1.27,4.59,2.38,2.57,2.33,2.27,2.34,4.19,6.25,3.04,4.78,2.15,2.67,3.25,4.47,3.16,3.01,5.34,7.12,8.65,1.39,26.31,3.83,4.06,1.20,1.25,1.12,1.06,1.01,2.10,1.98,3.02,2.76,1.86,3.30,3.02,1.98,2.29,4.29,3.33,3.62,4.73,2.48,5.06,12.15
June 2017,15.50,25.34,17.43,23.39,9.00,6.12,6.60,6.87,5.05,10.37,8.08,4.84,5.33,2.72,24.93,6.73,2.64,1.56,4.30,2.85,4.40,4.70,3.77,3.86,3.37,3.89,4.15,5.90,2.34,2.79,4.11,3.98,5.33,1.39,3.87,0.88,0.38,4.43,2.67,2.44,1.98,4.11,3.59,3.50,3.05,2.14,2.99,3.65,3.21,3.55,1.00,1.89,1.95,1.74,3.00,6.03,4.08,3.75,1.98,3.34,3.11,2.84,2.90,2.84,4.05,1.29,4.91,2.48,2.60,2.19,2.21,2.47,4.25,6.19,3.09,4.65,1.78,2.67,3.34,4.75,3.32,3.00,5.07,8.20,8.32,1.33,27.58,3.42,4.04,1.15,1.33,1.18,1.10,1.11,1.90,1.80,2.98,2.80,1.86,3.26,3.13,1.94,2.21,4.17,3.33,3.74,4.81,2.87,5.11,11.45
July 2017,15.95,25.33,17.07,21.78,10.03,7.63,7.29,8.27,5.56,12.13,7.94,5.31,5.37,3.12,25.31,7.14,3.21,1.57,4.22,2.85,4.32,4.71,3.90,3.87,3.55,3.82,4.01,5.61,2.43,2.71,4.01,2.99,4.23,1.38,3.77,0.80,0.38,5.59,3.02,2.39,1.86,4.58,3.61,3.31,3.00,1.83,2.97,3.71,3.61,2.57,1.05,1.87,1.43,1.17,2.00,6.02,4.23,3.84,2.05,3.44,3.26,2.95,3.04,2.93,3.98,1.28,4.64,2.49,2.60,2.30,2.36,2.31,4.23,6.44,3.09,4.77,1.99,2.78,3.27,4.67,3.36,2.93,4.10,8.26,8.24,1.26,27.07,3.79,4.08,1.24,1.33,1.08,1.11,0.92,2.02,2.00,3.01,2.79,1.90,3.08,3.18,1.85,2.24,4.87,3.39,3.71,4.67,2.71,4.98,11.54
August 2017,16.22,19.67,20.02,23.97,9.20,7.40,8.02,8.38,6.17,11.78,8.42,5.30,6.10,3.00,22.54,7.11,3.18,1.51,4.17,2.84,4.31,4.69,3.81,3.87,3.38,4.21,4.64,5.85,2.42,2.75,4.06,2.95,4.05,1.38,3.98,0.75,0.38,5.20,2.02,2.54,1.78,3.71,3.36,3.42,2.93,1.77,2.51,3.70,3.30,1.86,1.02,1.93,1.32,1.20,1.58,5.02,3.54,4.08,2.07,3.45,3.22,2.94,3.04,2.93,3.96,1.32,4.81,2.51,2.68,2.30,2.24,2.44,4.25,6.42,3.09,4.89,2.13,2.71,3.39,5.13,3.34,3.01,5.59,8.48,8.51,1.30,27.13,3.55,4.19,1.17,1.13,0.90,1.05,0.80,2.07,2.03,2.96,2.77,1.88,3.17,3.15,1.99,2.31,4.58,3.21,3.80,4.55,2.63,5.08,10.43
September 2017,14.20,24.27,16.70,18.42,9.35,6.51,8.15,7.44,5.93,12.60,9.24,6.49,5.47,3.14,25.22,7.25,3.23,1.50,4.29,2.87,4.27,4.69,3.77,3.75,3.36,3.61,4.71,5.56,2.34,2.78,3.68,2.80,3.95,1.38,3.54,0.66,0.35,4.62,2.00,3.04,1.80,3.18,3.13,3.20,2.82,1.49,2.24,3.75,3.38,1.43,1.10,1.75,1.25,1.21,1.48,3.57,2.15,4.13,2.00,3.24,2.95,2.63,2.84,2.65,4.20,1.32,4.50,2.36,2.65,2.23,2.24,2.40,4.15,6.39,2.97,4.57,1.86,2.55,3.30,4.23,3.25,2.99,5.22,6.93,8.21,1.31,27.77,4.18,4.35,1.23,1.27,0.87,1.10,1.02,1.99,1.99,2.99,2.71,1.82,3.21,3.28,2.00,2.39,4.64,3.51,4.07,4.31,2.60,5.00,12.11
October 2017,13.79,23.30,17.10,14.51,9.35,7.42,6.04,4.26,5.20,11.80,8.33,5.76,5.60,3.01,22.39,6.48,3.35,1.51,4.25,2.87,4.36,4.72,3.80,3.67,3.08,3.69,4.69,5.35,2.43,2.88,3.36,2.64,3.84,1.38,3.23,0.65,0.30,4.72,2.10,2.77,1.67,3.07,3.11,2.72,2.92,1.56,2.03,3.71,2.97,1.52,1.21,1.82,1.64,1.57,1.44,4.75,2.16,4.05,2.03,3.07,2.98,2.57,2.82,2.60,3.83,1.29,4.42,2.44,2.60,2.29,2.29,2.16,4.22,6.47,3.10,4.75,2.06,2.67,3.21,4.93,3.16,3.12,5.46,7.66,6.47,1.29,27.99,4.07,4.02,1.25,1.22,0.99,1.10,0.94,2.20,2.03,2.97,2.74,1.97,3.20,2.97,1.97,2.27,4.88,3.59,4.02,4.78,2.68,5.01,10.16
November 2017,13.72,18.83,12.80,20.88,9.78,8.01,6.68,3.70,5.28,12.23,8.95,6.19,5.26,2.95,23.63,6.97,3.05,1.64,4.39,2.85,4.35,4.72,3.84,3.76,3.45,3.86,4.36,5.60,2.39,3.01,3.48,3.22,4.42,1.37,3.53,0.76,0.32,5.22,2.65,4.36,1.32,2.87,3.50,2.82,3.67,1.56,1.82,3.77,2.82,2.16,1.55,1.86,1.87,2.21,2.30,6.29,2.40,3.96,2.06,3.18,2.98,2.75,2.86,2.77,3.80,1.27,4.60,2.40,2.66,2.29,2.36,2.43,4.21,6.60,3.01,4.33,1.88,2.57,3.14,4.76,3.03,3.12,5.23,6.85,6.83,1.28,27.18,4.58,4.20,1.23,1.22,0.96,1.07,1.05,1.88,2.08,2.98,2.69,1.85,3.10,3.14,1.96,2.30,4.30,3.11,3.90,4.56,2.50,5.12,11.53
December 2017,13.98,18.70,8.30,14.53,9.48,8.15,9.33,6.53,4.54,12.28,8.34,5.84,5.12,3.39,22.12,6.65,3.23,1.78,4.39,2.92,4.40,4.72,3.83,3.85,3.07,4.03,4.21,5.35,2.36,3.05,3.74,3.22,4.47,1.39,3.73,0.89,0.40,6.55,2.59,3.53,1.43,3.12,3.55,2.63,5.04,1.67,2.19,3.98,3.14,2.47,1.66,2.00,1.77,2.27,2.33,7.29,3.18,4.10,2.04,2.98,2.92,2.52,2.75,2.57,3.92,1.41,4.34,2.46,2.62,2.13,2.16,2.56,4.19,6.57,3.03,4.55,2.06,2.71,3.12,4.91,3.28,3.21,5.49,7.11,7.46,1.29,27.00,4.59,4.40,1.28,1.36,1.13,1.09,0.96,1.81,1.96,2.82,2.57,1.96,3.01,3.06,1.96,2.34,4.42,3.21,3.95,4.80,2.82,5.09,10.18
January 2018,13.08,14.95,13.51,20.22,9.48,7.39,6.52,3.74,5.34,11.27,7.65,5.34,5.83,2.89,24.34,6.68,3.12,1.58,4.41,2.87,4.40,4.69,3.57,3.61,3.57,3.91,4.03,5.58,2.37,3.11,3.74,2.99,4.36,1.40,3.94,0.95,0.42,6.62,2.60,3.37,1.36,3.46,3.63,2.78,5.13,1.65,2.21,4.01,3.12,2.48,1.61,1.93,1.95,2.24,2.26,6.77,3.70,4.06,1.98,3.29,3.12,2.82,2.93,2.83,3.84,1.36,4.36,2.39,2.55,2.31,2.26,2.25,4.14,6.52,2.90,4.71,1.85,2.57,3.27,4.65,3.34,3.19,5.25,5.99,8.44,1.28,27.28,3.60,4.24,1.22,1.26,1.00,1.07,1.04,2.01,2.09,3.06,2.73,1.95,3.16,2.99,2.01,2.43,4.21,3.28,3.98,4.82,2.49,5.10,12.17
February 2018,12.08,21.39,16.23,22.35,10.12,6.18,8.33,3.27,5.09,11.39,8.49,5.84,5.28,2.74,23.82,6.60,2.79,1.86,4.32,2.85,4.41,4.72,3.77,3.70,3.52,4.04,3.91,5.88,2.36,3.11,3.84,3.07,4.38,1.40,3.78,0.90,0.42,4.82,1.77,2.66,1.38,3.57,3.63,3.07,4.02,1.65,2.53,4.11,3.15,2.40,1.43,1.98,1.89,2.29,1.98,5.82,3.93,3.90,1.94,3.22,2.90,2.78,2.93,2.81,3.86,1.38,4.16,2.40,2.27,2.34,2.32,2.29,4.21,6.61,2.99,4.67,2.03,2.61,3.20,5.11,3.38,3.23,5.26,7.19,6.26,1.27,26.67,2.45,4.32,1.20,1.24,0.75,1.07,1.06,2.15,2.11,3.03,2.79,2.10,3.07,3.14,1.69,2.46,4.71,3.23,3.94,4.74,2.45,4.89,11.30
March 2018,14.01,26.23,13.02,15.81,9.17,8.43,6.61,6.64,5.61,10.53,7.86,5.27,5.72,3.08,22.54,6.86,3.23,1.70,4.29,2.86,4.44,4.70,3.64,3.55,3.14,3.49,4.17,5.46,2.37,3.09,4.11,3.02,4.28,1.41,3.94,0.92,0.63,4.78,1.60,2.46,1.56,3.20,3.85,3.03,3.91,1.64,2.81,4.35,3.37,2.45,1.23,1.95,2.35,2.50,1.93,6.62,3.87,4.00,1.97,2.94,2.81,2.52,2.77,2.53,4.10,1.31,4.12,2.41,2.43,2.11,2.27,2.38,4.25,6.72,3.01,4.54,1.82,2.68,3.18,4.81,3.32,3.26,3.50,8.18,8.44,1.18,27.07,3.82,4.16,1.21,1.30,0.99,1.08,0.97,2.13,2.09,2.94,2.74,2.11,3.13,3.09,1.91,2.34,4.67,3.29,3.96,4.79,2.51,4.97,11.73
April 2018,14.00,17.12,15.57,22.25,9.65,7.70,8.52,3.84,5.25,12.21,7.89,5.41,5.69,3.29,24.83,6.51,3.15,1.61,4.32,2.84,4.41,4.72,3.82,3.74,3.33,3.90,4.68,5.71,2.39,2.92,4.04,2.79,3.99,1.41,3.88,0.95,0.66,5.87,2.33,3.04,1.45,3.66,3.94,3.26,3.42,1.71,3.04,4.30,3.26,2.42,1.01,1.84,1.97,2.77,2.05,6.12,3.77,4.05,2.13,3.14,3.04,2.76,2.92,2.78,3.76,1.31,3.98,2.36,2.45,2.41,2.41,2.34,4.26,6.78,3.07,4.85,2.02,2.68,3.20,5.08,3.38,3.16,5.39,5.85,7.71,1.28,26.87,4.33,4.30,1.26,1.20,0.98,1.06,1.04,2.09,2.10,3.00,2.71,2.11,3.14,3.16,1.97,2.30,5.05,3.33,3.92,4.72,2.66,4.98,11.12
May 2018,14.11,18.85,14.87,21.28,9.92,7.92,7.93,3.17,4.86,10.47,8.55,5.99,5.69,3.22,24.59,7.16,3.26,1.70,4.35,2.86,4.38,4.73,3.64,3.66,3.34,4.07,4.44,6.06,2.31,3.06,3.94,3.06,4.31,1.42,3.95,0.88,0.53,6.01,2.27,2.25,1.59,3.60,4.01,3.33,3.02,1.76,2.89,4.09,3.20,2.63,1.14,2.12,1.98,2.57,2.45,6.62,4.05,3.99,2.09,3.10,2.95,2.81,2.86,2.81,3.88,1.35,4.20,2.40,2.49,2.29,2.40,2.26,4.25,6.62,3.01,4.78,1.64,2.60,3.16,4.64,3.39,3.15,5.69,6.59,7.58,1.29,27.71,4.41,4.21,1.20,1.25,1.18,1.04,1.08,2.25,2.20,2.98,2.72,2.09,3.28,3.24,1.95,2.22,4.93,3.37,3.88,4.71,2.60,4.99,12.05
June 2018,13.72,18.46,15.54,19.73,8.54,6.27,8.01,6.77,5.42,11.36,8.41,5.95,5.31,3.10,24.38,7.18,3.31,1.67,4.40,2.82,4.37,4.73,3.74,3.75,3.24,3.96,4.35,6.08,2.31,3.11,4.30,3.41,4.75,1.43,3.98,0.78,0.42,5.33,3.32,2.15,1.72,4.42,4.03,3.33,3.11,1.95,3.15,3.96,3.33,2.77,1.09,2.01,2.01,1.97,2.77,6.79,4.23,3.99,2.07,3.18,2.97,2.91,2.93,2.90,4.03,1.33,4.28,2.39,2.58,2.29,2.45,2.25,4.20,6.55,3.13,4.73,1.77,2.59,3.26,4.85,3.51,3.15,5.63,6.99,6.98,1.28,28.10,4.59,4.15,1.18,1.20,1.01,1.06,1.05,2.23,2.18,2.98,2.70,2.27,3.23,3.07,1.83,2.29,4.78,3.28,3.90,4.69,2.50,5.09,10.68
July 2018,13.60,19.90,16.98,24.50,10.01,8.25,7.05,6.76,4.83,12.01,7.92,5.54,5.52,3.31,26.24,7.23,3.08,1.57,4.27,2.85,4.38,4.73,3.82,3.83,3.49,3.85,4.29,5.81,2.41,2.98,4.32,3.03,4.33,1.43,3.80,0.74,0.41,6.77,2.94,2.50,1.73,4.75,4.09,3.62,3.19,1.88,3.15,4.01,3.65,2.61,1.19,2.09,1.66,1.51,2.02,6.83,4.19,3.98,1.98,3.17,3.06,2.88,2.92,2.85,3.93,1.38,4.22,2.45,2.67,2.38,2.48,2.25,4.10,6.76,3.07,4.73,1.99,2.71,3.22,4.88,3.54,3.12,5.51,7.38,7.59,1.28,27.88,4.36,4.28,1.22,1.24,0.93,1.09,0.80,2.16,2.13,3.00,2.72,2.24,3.27,3.17,1.85,2.33,4.82,3.47,3.89,4.91,2.80,5.10,11.18
August 2018,13.63,19.11,12.99,19.16,9.10,6.56,8.08,8.17,5.26,10.73,8.63,5.96,6.17,3.15,24.01,7.46,3.07,1.66,4.23,2.87,4.45,4.73,3.69,3.72,3.65,4.28,4.71,5.70,2.35,3.12,4.59,3.11,4.33,1.44,4.37,0.77,0.44,5.16,1.78,2.81,1.78,4.42,4.13,3.73,3.08,2.03,2.87,4.07,3.58,2.12,1.14,2.12,1.61,1.45,2.03,5.54,3.79,4.15,2.11,3.08,2.97,2.81,2.88,2.81,4.06,1.34,4.29,2.43,2.57,2.33,2.49,2.38,4.19,6.76,2.97,4.86,2.21,2.66,3.33,5.20,3.35,3.29,5.63,6.92,7.78,1.30,28.61,4.53,4.38,1.11,1.32,0.99,1.10,1.02,2.16,2.10,2.97,2.68,2.24,3.20,3.28,1.94,2.32,5.18,3.36,3.98,4.79,2.44,5.09,11.33
September 2018,13.94,20.99,15.38,20.68,9.13,8.12,6.23,7.89,5.51,12.03,9.34,6.53,6.39,3.08,24.90,7.19,3.00,1.77,4.43,2.92,4.48,4.95,3.67,3.66,3.61,3.53,4.28,5.97,2.38,3.12,4.09,2.72,3.90,1.42,4.30,0.72,0.41,4.36,2.20,3.23,1.65,3.38,3.99,3.50,3.13,1.65,2.17,4.05,3.10,1.85,1.25,1.95,1.57,1.60,1.65,4.08,2.49,4.12,2.04,3.12,2.84,2.67,2.84,2.70,3.74,1.36,4.26,2.35,2.68,2.31,2.43,2.43,4.12,6.74,3.08,4.62,1.87,2.65,3.24,4.87,3.19,3.27,5.78,7.10,6.64,1.30,28.64,4.26,4.44,1.16,1.20,0.81,1.09,1.01,2.22,2.13,2.97,2.67,2.22,3.26,3.40,1.99,2.36,5.19,3.36,4.06,4.74,2.78,4.72,10.50
October 2018,13.14,19.88,13.00,15.24,9.43,6.97,8.22,4.02,5.93,11.18,8.94,6.12,5.69,2.95,24.91,6.55,3.30,1.67,4.55,3.00,4.56,4.89,3.56,3.52,3.51,4.13,4.74,5.52,2.43,3.02,3.40,3.17,4.45,1.41,3.75,0.75,0.37,4.69,2.44,2.96,1.51,3.23,3.91,3.03,3.35,1.91,1.88,3.92,2.96,2.03,1.55,1.95,1.67,2.06,1.89,6.16,2.57,4.03,2.08,3.10,2.94,2.66,2.86,2.68,3.98,1.20,4.36,2.39,2.55,2.43,2.64,2.33,4.16,6.84,2.97,4.57,1.99,2.68,3.29,4.89,3.24,3.26,5.57,7.23,6.99,1.28,29.10,4.33,4.29,1.17,1.27,1.01,1.14,1.00,2.14,2.12,3.01,2.68,2.25,3.25,3.28,1.96,2.17,4.97,3.27,3.99,4.74,2.65,4.97,10.72
November 2018,12.81,17.30,13.07,24.46,8.93,7.78,8.93,3.69,5.20,11.79,10.70,7.64,5.65,2.80,26.50,6.98,3.75,1.72,4.60,3.03,4.56,4.85,3.72,3.63,3.53,4.05,4.35,5.40,2.32,3.14,3.81,3.56,4.93,1.42,3.84,0.81,0.39,4.60,3.05,3.82,1.57,3.57,3.74,3.29,4.60,1.84,2.16,4.02,3.18,2.53,1.72,1.91,2.47,2.61,2.54,7.60,2.65,4.17,2.08,3.26,2.95,2.82,2.99,2.83,3.97,1.37,4.58,2.40,2.63,2.44,2.67,2.31,4.17,6.86,3.04,4.45,1.82,2.72,3.25,5.06,3.16,3.29,5.62,7.13,6.68,1.29,30.17,4.41,4.47,0.98,1.32,0.96,1.15,1.06,2.10,2.11,2.96,2.70,2.18,3.21,3.23,2.04,2.47,4.36,3.11,4.00,4.56,2.66,5.17,11.97
December 2018,13.08,12.39,11.57,16.80,8.56,9.15,8.96,7.54,6.76,10.14,9.57,6.42,5.76,3.15,24.47,6.89,4.11,1.83,4.45,3.06,4.60,4.89,3.82,3.73,3.50,4.05,4.15,5.25,2.34,3.17,4.22,3.12,4.36,1.43,3.65,0.81,0.49,5.34,3.02,5.80,1.53,3.58,3.84,2.85,5.86,2.23,2.33,4.19,3.33,3.23,1.66,2.04,3.43,3.33,2.93,8.01,3.53,4.23,2.14,3.08,2.64,2.58,2.80,2.58,3.80,1.43,4.20,2.42,2.72,2.28,2.58,2.44,4.08,6.73,3.19,4.60,2.07,2.69,3.18,4.80,3.25,3.37,5.88,7.25,6.86,1.31,29.89,4.66,4.38,1.02,1.31,1.14,1.13,0.99,2.17,2.20,2.97,2.68,2.14,3.10,3.15,2.17,2.37,4.57,2.88,4.02,4.85,2.72,5.25,10.67
January 2019,13.79,18.72,15.50,19.69,8.57,7.80,6.30,3.88,5.96,11.00,8.48,5.84,6.25,3.20,26.60,6.93,3.76,1.76,4.50,2.99,4.64,4.87,3.57,3.54,3.75,4.31,4.22,5.82,2.49,3.16,4.26,2.85,4.12,1.42,3.85,0.74,0.41,6.23,2.62,4.35,1.52,4.75,3.82,3.13,5.31,2.34,2.74,3.98,3.52,3.23,1.73,1.95,2.77,2.77,2.69,7.72,4.07,3.98,2.15,3.42,3.11,2.94,3.00,2.93,3.88,1.37,4.29,2.45,2.72,2.53,2.66,2.28,4.10,6.92,3.01,4.79,1.89,2.57,3.30,5.13,3.34,3.35,3.84,7.23,7.96,1.32,30.23,4.72,4.43,1.20,1.30,0.98,1.13,1.05,2.20,2.19,3.18,2.86,2.15,3.24,3.13,2.03,2.50,5.15,2.85,4.03,4.86,2.60,5.30,12.50
February 2019,13.32,18.80,13.44,23.44,9.09,8.36,7.70,3.83,5.16,10.20,10.27,7.09,5.86,2.76,25.82,6.77,4.64,1.69,4.41,3.02,4.60,4.87,3.79,3.73,3.86,4.19,4.17,5.63,2.46,3.21,4.08,2.93,4.21,1.42,3.66,0.66,0.41,6.20,2.77,3.15,1.53,3.94,3.92,3.04,4.04,2.49,2.77,4.06,3.46,3.71,1.71,1.81,2.03,2.72,2.25,6.78,4.08,4.07,2.12,3.38,2.94,2.86,2.95,2.86,4.25,1.35,4.33,2.39,2.60,2.48,2.67,2.48,4.10,6.97,3.11,4.71,1.38,2.60,3.44,5.12,3.33,3.31,5.85,7.82,6.34,1.32,30.08,4.55,4.41,1.25,1.34,0.79,1.15,1.10,1.53,2.12,3.18,2.88,2.13,3.20,3.22,1.80,2.59,5.13,2.98,3.92,4.73,2.51,5.08,10.99
March 2019,13.52,21.55,16.15,23.12,8.66,7.32,7.68,5.48,5.51,10.16,9.00,6.03,5.41,3.30,26.00,6.86,4.71,1.67,4.30,2.94,4.52,4.83,3.86,3.75,3.46,4.68,4.39,5.78,2.47,3.12,4.82,3.22,4.05,1.42,4.15,0.68,0.49,5.37,2.52,2.65,1.63,4.39,4.12,3.50,3.77,2.49,3.01,4.30,3.90,4.23,1.26,2.01,2.57,2.93,2.52,7.90,4.07,4.22,2.14,3.47,3.16,2.99,3.08,3.04,4.09,1.36,4.45,2.42,2.58,2.31,2.46,2.22,4.17,6.94,3.11,4.81,2.05,2.64,3.35,4.82,3.28,3.17,3.72,7.58,7.27,1.31,31.06,4.53,4.35,1.17,1.36,1.01,1.15,1.15,1.96,2.06,3.02,2.75,2.11,3.25,3.38,2.06,2.55,5.10,3.05,3.98,4.85,2.83,5.06,10.94
April 2019,13.95,15.94,13.58,16.48,9.32,7.60,7.86,8.22,5.15,10.76,10.21,7.00,5.89,3.24,24.42,6.35,4.44,1.54,4.59,2.99,4.46,4.85,3.81,3.80,3.17,3.37,4.67,5.59,2.47,3.20,4.65,3.17,4.17,1.43,4.16,0.71,0.66,5.90,2.68,2.74,1.72,3.78,4.12,3.20,3.22,3.18,3.05,4.83,4.11,4.85,1.08,2.01,2.67,2.73,2.13,7.25,4.46,4.09,2.14,3.31,2.72,2.75,2.89,2.75,3.86,1.38,4.05,2.40,2.63,2.28,2.46,2.38,3.97,6.79,3.06,4.53,2.02,2.64,3.31,4.84,3.37,3.18,5.32,7.74,7.67,1.29,29.73,4.76,4.41,1.16,1.41,1.06,1.19,1.05,2.05,2.11,3.02,2.76,2.13,3.17,3.34,1.95,2.50,5.32,3.12,4.13,4.94,2.94,5.30,11.98
May 2019,14.64,17.99,16.82,23.76,9.33,8.09,8.85,8.18,5.65,10.53,9.29,6.31,5.44,3.16,25.16,6.66,4.67,1.53,6.13,2.94,4.55,4.85,3.84,3.78,3.43,4.06,4.37,6.06,2.35,3.25,4.93,3.50,3.91,1.42,3.95,0.73,0.60,6.69,2.69,2.39,2.07,4.81,4.25,3.76,3.33,3.22,3.64,4.86,4.32,5.37,1.19,1.96,2.74,2.89,2.40,6.98,4.82,4.17,2.24,3.45,3.14,2.96,2.96,2.91,4.04,1.34,4.40,2.42,2.60,2.50,2.52,2.50,4.21,6.89,3.08,4.72,2.07,2.56,3.34,5.12,3.32,3.17,5.25,7.17,7.27,1.30,29.33,4.67,4.34,1.06,1.25,1.27,1.15,1.11,2.11,2.05,3.01,2.71,2.15,3.11,3.26,2.01,2.45,5.13,3.04,4.05,4.96,2.64,5.02,11.53
June 2019,14.92,19.19,15.68,21.14,9.53,8.86,8.92,9.25,5.19,11.12,9.08,6.21,5.84,3.32,25.78,6.91,4.55,1.89,5.92,3.03,4.52,4.83,3.87,3.81,3.51,3.95,4.39,6.00,2.41,3.21,5.09,3.66,4.83,1.42,4.25,0.72,0.46,5.30,3.66,3.11,2.00,5.38,4.29,3.71,3.07,3.41,3.66,4.79,4.33,5.02,1.20,2.19,2.17,2.27,3.03,7.16,4.72,4.07,2.16,3.42,3.09,2.98,2.98,2.96,4.05,1.41,4.42,2.40,2.56,2.37,2.51,2.37,4.12,6.87,3.04,4.77,1.89,2.59,3.37,5.16,3.35,3.25,5.50,8.22,7.65,1.37,30.16,4.87,4.15,1.20,1.30,1.24,1.15,1.10,2.08,2.13,3.03,2.78,2.15,3.18,3.18,2.05,2.33,5.00,3.06,4.09,4.89,2.61,4.95,11.01
July 2019,14.44,19.26,14.97,23.05,9.45,7.26,8.60,9.25,5.16,11.70,8.31,5.60,5.77,3.55,23.73,6.95,4.45,1.56,6.15,3.01,4.53,4.86,3.89,3.87,3.73,4.15,4.67,5.83,2.43,3.14,4.83,3.00,4.16,1.42,3.96,0.70,0.39,4.62,2.03,2.88,1.98,5.29,4.27,3.67,3.35,2.84,3.24,4.60,4.89,3.61,1.21,1.97,1.62,1.77,2.10,7.52,4.32,4.14,2.12,3.38,3.15,3.00,2.96,2.96,3.93,1.47,4.25,2.44,2.64,2.52,2.81,2.41,4.19,6.87,3.08,4.79,2.09,2.68,3.49,5.19,3.37,3.21,5.71,7.65,8.01,1.36,28.73,4.48,4.29,1.20,1.32,1.14,1.15,1.12,2.17,2.09,2.88,2.66,2.10,3.26,3.27,1.97,2.32,5.17,3.24,4.13,5.00,2.83,5.27,11.85
August 2019,14.62,18.42,12.36,22.98,9.73,9.29,8.58,9.04,4.86,11.43,8.06,5.43,5.93,3.49,23.13,6.99,4.35,1.78,6.09,3.02,4.57,4.85,3.88,3.85,3.87,4.20,4.80,5.74,2.39,3.16,4.87,2.97,4.12,1.41,4.09,0.72,0.45,5.23,2.20,2.86,1.95,4.15,4.20,4.01,3.29,2.51,2.94,4.67,4.30,2.52,1.35,2.14,1.82,1.86,2.09,5.74,4.36,4.08,2.19,3.25,2.98,2.93,2.95,2.92,4.13,1.41,4.24,2.46,2.56,2.41,2.63,2.38,4.24,6.90,2.96,4.80,2.06,2.68,3.49,5.13,3.26,3.24,5.68,7.44,8.36,1.37,29.23,4.57,4.41,1.21,1.35,0.89,1.17,1.12,2.25,2.13,2.92,2.63,2.14,3.27,3.43,2.18,2.48,5.41,3.24,4.06,4.90,2.63,5.02,11.34
September 2019,14.54,16.94,14.10,23.19,8.63,8.35,6.74,8.62,5.55,11.54,10.15,6.46,6.02,3.46,24.72,6.91,4.36,1.63,5.91,3.04,4.57,4.83,3.70,3.72,3.82,3.75,4.46,5.76,2.36,3.32,4.42,2.66,3.76,1.40,4.04,0.71,0.50,4.80,2.47,3.39,1.89,3.45,4.11,3.74,3.15,1.92,2.40,4.55,3.49,2.07,1.47,2.00,1.78,1.92,2.07,4.09,2.92,4.11,2.11,3.32,2.91,2.86,2.95,2.87,3.81,1.39,4.32,2.45,2.66,2.33,2.49,2.34,4.25,6.74,3.02,4.64,1.84,2.65,3.40,5.02,3.38,3.21,4.63,7.30,6.79,1.32,29.48,4.34,4.39,1.00,1.33,0.77,1.16,1.16,2.16,2.14,2.99,2.70,2.15,3.39,3.43,2.04,2.53,5.07,3.04,4.08,4.76,2.99,5.14,10.61
October 2019,13.85,18.90,15.68,14.76,9.66,8.78,7.99,5.76,5.95,10.85,7.73,5.08,4.98,3.20,23.03,6.87,4.73,1.58,5.60,3.07,4.51,4.85,3.57,3.62,3.21,3.97,4.72,5.36,2.37,3.23,3.64,2.77,3.88,1.41,3.84,0.71,0.44,4.44,2.87,3.48,1.76,2.91,4.05,3.23,3.44,2.02,2.09,4.49,3.27,2.35,1.60,1.97,2.10,2.36,2.08,5.52,2.59,3.96,2.25,3.22,2.81,2.76,2.88,2.76,4.01,1.23,4.27,2.43,2.48,2.28,2.54,2.22,4.26,6.85,3.03,4.53,1.62,2.68,3.33,5.19,3.19,3.25,5.51,8.50,6.84,1.34,29.19,4.44,4.32,1.20,1.41,1.08,1.14,1.05,2.19,2.22,3.06,2.72,2.17,3.36,3.40,2.03,2.32,4.67,3.17,4.07,4.69,2.85,5.16,12.23
November 2019,14.47,15.49,14.31,21.71,10.56,7.85,8.98,7.70,5.30,11.75,10.06,6.45,5.78,3.46,25.26,6.91,4.72,1.51,5.66,3.07,4.60,4.84,3.74,3.74,3.64,3.83,4.24,5.77,2.39,3.23,3.90,3.36,4.53,1.40,4.18,0.79,0.46,5.47,3.62,4.70,1.61,3.11,4.10,3.09,4.43,1.85,2.20,4.51,3.38,2.80,1.72,2.10,2.62,3.03,2.32,6.96,2.47,4.03,2.18,3.35,2.99,2.90,3.03,2.89,3.92,1.40,4.39,2.41,2.71,2.36,2.49,2.34,4.33,7.17,3.09,4.44,1.90,2.76,3.35,5.09,3.18,3.12,5.79,8.44,6.98,1.30,30.15,4.42,4.34,0.98,1.33,1.00,1.14,1.17,1.87,2.11,3.09,2.70,2.21,3.33,3.41,1.98,2.47,5.00,2.89,4.05,4.86,2.98,5.11,9.23
December 2019,15.51,17.67,10.96,13.90,9.55,8.29,8.66,7.78,6.01,12.21,7.39,5.00,5.84,3.40,24.60,6.93,4.23,1.71,5.52,3.07,4.60,4.86,3.94,3.86,3.45,4.05,4.14,5.31,2.34,3.44,4.25,3.55,4.36,1.40,4.46,0.77,0.57,5.92,3.24,6.34,1.81,3.50,4.11,3.11,5.77,2.15,2.49,4.58,3.60,3.07,1.89,2.12,2.67,3.11,2.32,7.42,3.72,4.08,2.18,3.11,2.77,2.60,2.84,2.66,4.13,1.38,4.05,2.53,2.81,2.18,2.45,2.54,4.45,7.50,3.05,4.48,2.06,2.79,3.30,5.11,3.36,3.26,5.68,8.52,5.55,1.34,30.34,4.40,4.42,1.13,1.33,1.19,1.19,1.10,2.26,2.29,3.08,2.67,2.17,3.30,3.32,2.17,2.33,4.77,3.01,4.02,4.73,2.91,4.93,10.67
January 2020,13.85,18.74,13.68,22.49,9.48,7.64,9.01,4.03,5.34,10.91,10.82,6.93,5.88,3.69,24.99,7.23,4.51,1.59,5.06,3.08,4.58,4.87,3.75,3.71,3.78,4.15,4.27,5.70,2.45,3.34,4.15,3.65,4.23,1.40,4.22,0.78,0.52,6.03,2.51,4.12,1.62,4.59,4.03,3.27,6.11,2.09,2.44,4.25,3.32,3.06,1.87,2.17,2.51,3.03,2.31,6.97,4.11,4.10,2.17,3.38,2.96,2.92,3.04,2.96,3.85,1.55,4.35,2.54,2.76,2.38,2.47,2.36,4.39,7.42,3.00,4.68,1.97,2.62,3.47,5.25,3.42,3.28,3.81,6.98,7.69,1.32,30.57,4.55,4.40,1.14,1.30,1.07,1.19,1.18,2.30,2.28,3.22,2.84,2.06,3.36,3.23,1.93,2.48,5.30,3.13,3.97,5.14,2.70,5.35,11.53
February 2020,14.65,19.50,13.43,26.44,9.54,9.12,6.84,3.13,5.73,12.41,10.93,7.29,5.23,3.08,25.62,6.53,4.26,1.60,4.98,3.07,4.68,4.96,3.68,3.69,3.89,4.61,4.03,5.73,2.42,3.38,4.00,3.17,4.06,1.40,4.36,0.73,0.47,6.02,1.79,2.77,1.54,4.17,4.00,3.08,5.96,1.99,2.59,4.41,3.38,2.84,1.59,1.93,2.04,3.02,2.26,7.14,4.10,4.01,1.91,3.32,3.12,2.90,2.98,2.90,4.32,1.80,4.37,2.52,2.67,2.37,2.56,2.22,4.44,7.51,3.07,4.61,1.38,2.72,3.46,5.30,3.28,3.20,5.70,7.74,7.29,1.32,31.88,4.32,4.35,1.24,1.36,0.79,1.21,1.10,1.79,2.23,3.22,2.87,2.19,3.43,3.31,1.89,2.61,5.09,2.94,4.05,4.81,2.79,5.20,9.54
March 2020,15.38,20.24,16.47,20.50,10.01,7.84,8.41,6.52,5.51,12.90,8.50,5.71,5.77,3.80,26.65,6.68,4.79,1.86,5.53,3.06,4.73,5.02,3.80,3.80,3.72,4.42,4.42,6.24,2.48,3.43,4.60,3.46,4.30,1.41,4.09,0.72,0.57,5.01,1.82,2.98,1.69,4.44,4.07,3.41,6.04,1.80,2.81,4.32,3.47,2.62,1.37,2.09,2.44,3.00,2.17,6.95,4.35,4.06,2.29,3.57,3.35,3.09,3.13,3.09,4.18,1.89,4.69,2.55,2.67,2.24,2.54,2.35,4.55,7.36,3.20,4.78,2.04,2.74,3.52,5.49,3.55,3.28,5.78,8.61,7.37,1.41,31.00,4.58,4.57,1.27,1.59,1.17,1.30,1.19,2.36,2.47,3.09,2.78,2.19,3.47,3.37,2.31,2.60,5.25,3.00,4.08,5.15,2.95,5.28,12.17
April 2020,14.95,18.30,13.78,17.35,11.05,8.00,9.04,6.94,5.52,12.66,10.62,6.95,6.11,3.87,24.50,7.07,4.98,1.97,5.74,3.15,4.79,5.02,3.78,3.80,3.59,4.36,4.72,6.22,2.45,3.53,4.53,3.70,4.58,1.42,4.26,0.81,0.54,5.55,2.67,3.10,1.88,4.74,4.31,3.55,4.83,1.89,3.28,4.52,3.70,2.76,1.22,2.28,2.43,3.01,2.52,6.94,4.69,4.00,2.28,3.47,3.20,3.06,3.13,2.97,4.11,1.69,4.65,2.62,2.68,2.39,2.63,2.47,4.59,7.95,3.28,4.59,1.88,2.81,3.71,5.39,3.46,3.33,6.16,7.85,7.78,1.48,30.06,4.87,4.71,1.40,1.60,1.46,1.32,1.33,2.01,2.35,3.27,2.92,2.16,3.42,3.45,2.31,2.58,5.50,3.21,4.10,5.28,3.27,5.29,13.67
May 2020,18.25,21.32,16.85,23.21,12.04,8.24,9.38,4.66,5.47,10.59,10.05,6.76,5.75,4.06,25.36,7.15,4.70,1.83,5.69,3.14,4.83,5.00,3.86,3.83,3.48,4.28,4.40,6.21,2.49,3.53,4.52,3.74,4.83,1.41,4.28,0.79,0.49,6.49,3.18,2.96,1.85,4.32,4.48,3.73,4.23,2.30,3.49,4.35,3.84,2.74,1.21,2.29,2.15,2.78,2.60,6.96,4.51,4.02,2.18,3.43,3.32,3.13,3.22,3.11,4.29,1.58,4.73,2.58,2.71,2.42,2.73,2.68,4.70,7.83,3.21,5.27,1.73,2.65,3.72,5.36,3.66,3.18,5.97,7.75,7.04,1.34,31.00,4.65,4.38,1.37,1.59,1.29,1.33,1.43,1.99,2.55,3.20,2.97,2.39,3.29,3.51,2.36,2.38,5.53,3.13,4.15,4.96,3.11,5.30,12.50
June 2020,19.39,34.02,20.74,22.54,11.12,9.44,10.12,4.30,5.20,11.18,10.26,6.60,5.79,4.38,24.29,7.11,4.89,1.78,5.79,3.14,4.75,5.01,3.63,3.67,3.69,4.45,4.26,6.39,2.54,3.52,4.56,4.00,5.23,1.39,4.37,0.75,0.42,5.82,3.02,2.80,1.86,4.51,4.56,3.82,4.72,3.02,3.64,4.43,4.02,2.76,1.23,2.28,2.38,2.57,2.59,7.60,4.51,3.97,2.34,3.54,3.31,3.11,3.18,3.00,4.26,1.80,4.54,2.58,2.57,2.42,2.75,2.56,4.67,7.87,3.19,5.37,1.82,2.79,3.58,5.13,3.54,3.25,5.14,8.08,7.86,1.33,30.38,4.43,4.42,1.23,1.62,1.33,1.31,1.37,2.11,2.47,3.14,2.91,2.29,3.27,3.58,2.27,2.61,5.59,3.24,4.18,4.89,2.91,5.33,13.37
July 2020,18.31,21.63,16.31,23.95,10.33,7.89,10.15,4.36,5.32,11.76,10.10,6.91,6.07,3.76,23.06,7.08,5.09,1.75,5.76,3.12,4.79,4.98,3.69,3.67,3.58,4.29,4.43,6.15,2.44,3.62,4.70,3.93,5.22,1.41,4.40,0.72,0.43,5.14,3.12,3.56,1.80,3.92,4.55,3.80,5.29,2.89,3.38,4.43,4.16,2.63,1.27,2.34,1.81,1.77,2.77,7.85,4.23,3.97,2.19,3.43,3.50,3.16,3.17,3.02,4.31,1.67,4.23,2.59,2.65,2.40,2.62,2.62,4.73,7.86,3.33,5.06,1.82,2.76,3.64,5.39,3.43,3.21,5.78,8.16,7.48,1.37,30.69,4.65,4.56,1.26,1.58,1.40,1.34,1.42,1.60,2.49,3.00,2.73,2.25,3.23,3.61,2.18,2.55,5.70,3.24,4.12,5.15,3.11,5.14,12.89
August 2020,15.84,24.57,13.98,25.74,8.81,7.98,9.25,5.15,5.98,11.28,9.98,6.53,5.86,3.69,22.92,6.92,4.58,1.52,5.75,3.11,4.76,4.95,3.49,3.54,3.64,4.47,4.97,6.24,2.47,3.68,4.78,3.47,4.78,1.41,4.46,0.78,0.48,5.71,2.02,3.97,1.74,4.15,4.22,3.92,4.43,2.24,2.66,4.51,3.77,2.17,1.37,2.08,1.90,1.96,2.25,5.48,4.18,3.97,2.10,3.46,3.29,3.07,3.11,3.05,4.56,1.45,4.18,2.59,2.83,2.38,2.67,2.58,4.57,7.73,3.21,5.01,1.93,2.67,3.52,5.59,3.72,3.24,5.69,8.30,5.71,1.37,30.69,4.57,4.55,1.16,1.27,0.89,1.20,1.35,2.17,2.47,2.95,2.70,2.24,3.24,3.61,2.23,2.56,4.73,3.24,4.06,4.81,3.17,5.19,11.33
September 2020,14.52,19.17,12.83,25.42,9.01,9.19,9.35,6.31,5.86,11.84,8.96,5.77,5.67,3.65,22.26,6.79,4.80,1.71,5.86,3.12,4.76,4.99,3.83,3.82,3.52,3.86,4.57,6.06,2.52,3.71,3.87,2.62,3.89,1.41,4.13,0.71,0.55,5.04,2.61,3.61,1.63,3.78,4.12,3.55,4.45,1.94,2.82,4.39,3.85,2.38,1.43,2.35,1.92,2.18,2.31,4.74,2.92,3.94,2.17,3.31,2.97,2.83,2.95,2.85,4.07,1.22,4.34,2.56,2.60,2.40,2.66,2.52,4.55,7.77,3.17,4.70,1.60,2.71,3.50,5.44,3.58,3.20,5.46,8.30,6.47,1.35,30.18,4.41,4.52,1.25,1.42,0.79,1.23,1.31,2.23,2.39,3.04,2.78,2.24,3.39,3.40,2.18,2.59,4.32,3.10,4.12,4.97,2.84,5.09,12.42
October 2020,15.21,21.44,10.91,15.60,9.44,6.80,10.50,6.77,5.30,12.83,9.06,5.70,5.62,3.68,21.96,6.62,5.12,1.71,5.82,3.12,4.79,4.97,3.68,3.72,3.44,4.21,4.29,5.90,2.51,3.75,3.91,3.24,3.95,1.41,3.89,0.74,0.45,4.78,3.67,5.08,1.54,3.29,3.71,3.19,5.04,1.92,2.63,4.45,3.66,2.46,1.56,2.35,2.91,3.46,2.43,6.81,2.72,3.94,2.28,3.20,2.94,2.71,2.88,2.73,3.94,1.16,4.27,2.56,2.60,2.44,2.68,2.12,4.70,7.73,3.08,4.67,1.58,2.79,3.47,5.21,3.53,3.21,4.26,8.23,5.92,1.35,30.59,4.51,4.53,1.21,1.41,1.27,1.25,1.21,1.74,2.29,3.01,2.73,2.25,3.19,3.46,2.19,2.56,4.90,3.10,4.14,5.08,2.92,5.20,12.15
November 2020,15.75,18.59,14.45,23.76,9.53,7.46,9.30,7.01,5.31,12.26,11.27,7.17,6.45,3.86,21.33,6.73,4.71,1.64,5.84,3.11,4.67,4.96,3.75,3.75,3.47,4.02,4.39,5.90,2.52,3.76,4.33,3.20,4.43,1.41,4.37,0.74,0.45,5.06,2.86,5.10,1.48,3.42,3.73,3.28,4.82,1.80,2.81,4.39,3.74,2.57,1.66,2.32,2.76,3.61,2.69,7.07,2.74,4.00,2.36,3.43,3.09,2.93,3.01,2.94,3.92,1.46,4.41,2.56,2.63,2.38,2.58,2.56,4.73,7.75,3.14,4.43,1.88,2.63,3.48,5.08,3.39,3.30,4.75,8.15,7.51,1.34,30.21,4.53,4.56,1.24,1.39,1.20,1.29,1.27,2.17,2.22,3.09,2.79,2.24,3.24,3.50,2.29,2.73,3.96,3.11,4.13,5.06,3.13,5.19,13.22
December 2020,15.22,20.14,11.43,16.53,9.89,8.22,10.68,5.14,6.99,12.19,8.75,5.74,6.36,3.99,21.19,7.04,4.69,1.93,5.78,3.19,4.78,4.97,3.87,3.85,3.45,4.90,4.57,6.09,2.55,3.75,4.71,3.68,4.27,1.41,4.50,0.78,0.53,5.49,2.96,4.87,1.49,3.67,4.17,3.07,5.50,2.07,2.72,4.56,3.69,2.51,1.56,2.40,2.82,3.23,2.69,7.58,3.75,4.02,2.36,3.13,2.91,2.58,2.85,2.59,4.03,1.75,4.21,2.60,2.86,2.26,2.70,2.64,4.88,7.92,3.23,4.58,1.80,2.77,3.30,5.23,3.64,3.39,5.91,8.43,5.89,1.33,30.11,4.54,4.54,1.28,1.43,1.25,1.26,1.14,2.21,2.32,3.08,2.89,2.26,3.22,3.40,2.34,2.60,4.65,3.10,4.12,5.06,3.14,5.31,12.28
January 2021,15.19,20.66,13.88,24.79,9.21,9.02,8.79,3.71,5.14,12.05,10.44,6.77,6.01,3.79,24.56,6.92,4.84,1.62,5.69,3.18,4.78,4.98,3.64,3.68,3.73,4.40,4.36,6.29,2.52,3.77,4.54,3.38,4.40,1.42,4.53,0.78,0.50,5.67,3.85,4.17,1.44,4.21,4.27,3.46,5.81,2.24,2.94,4.30,3.69,2.86,1.75,2.30,2.58,3.24,2.90,7.94,4.26,3.95,2.31,3.15,2.88,2.68,2.83,2.70,4.28,1.82,4.32,2.55,2.91,2.43,2.68,2.60,4.80,8.18,3.12,4.81,1.86,2.56,3.55,5.51,3.47,3.34,4.84,7.11,7.58,1.33,31.07,4.52,4.58,1.30,1.45,1.27,1.28,1.26,2.09,2.30,3.19,2.87,2.29,3.30,3.44,2.18,2.64,4.92,3.01,4.10,5.14,2.92,5.37,12.67
February 2021,15.20,20.70,13.52,22.71,8.42,8.07,9.70,3.45,5.44,12.19,11.06,7.51,5.80,3.92,24.49,7.18,4.60,1.65,5.59,3.24,4.87,5.15,3.84,3.75,3.92,4.94,4.52,6.21,2.51,3.80,4.25,3.03,4.23,1.42,4.52,0.72,0.45,5.51,3.35,4.13,1.33,3.51,4.21,3.44,5.35,2.27,2.97,4.31,3.65,2.81,1.64,2.09,2.11,3.19,2.14,7.81,4.23,3.98,2.36,3.60,3.23,3.09,2.97,3.03,3.99,1.95,4.37,2.63,2.72,2.41,2.73,2.59,4.88,8.03,3.26,4.81,1.52,2.75,3.56,5.52,3.65,3.36,6.00,6.87,5.83,1.34,31.27,4.83,4.66,1.29,1.42,1.14,1.23,1.31,2.16,2.32,3.17,2.89,2.25,3.39,3.44,2.22,2.56,5.00,2.64,4.06,4.99,2.93,5.09,12.69
March 2021,14.38,24.71,14.60,18.58,9.09,6.82,9.37,5.17,5.32,11.69,8.85,5.50,6.40,3.92,23.64,6.71,4.81,1.75,5.77,3.28,4.89,5.14,3.82,3.81,3.89,3.84,4.53,6.01,2.58,3.97,4.79,3.41,4.44,1.42,4.14,0.73,0.59,5.98,2.65,3.00,1.42,3.83,4.17,3.54,4.19,2.15,3.15,4.40,3.93,2.65,1.28,2.26,2.29,2.77,2.43,7.16,3.97,4.01,2.43,3.67,3.39,3.21,3.02,3.02,4.00,1.59,4.42,2.59,2.69,2.25,2.61,2.60,4.73,7.93,3.26,4.50,1.65,2.80,3.54,5.10,3.70,3.27,6.21,7.90,6.18,1.35,30.29,5.02,4.46,1.15,1.58,1.28,1.29,1.32,1.86,2.32,3.12,2.88,2.27,3.40,3.56,2.34,2.56,4.83,3.08,4.11,5.23,3.42,5.18,13.09
April 2021,15.54,22.40,17.24,22.25,8.92,8.82,9.99,6.75,5.74,13.24,10.87,7.27,6.18,3.99,23.48,6.64,4.45,1.61,5.98,3.32,4.93,5.13,3.61,3.63,3.75,5.23,5.03,6.27,2.51,3.97,4.57,3.48,4.47,1.42,4.29,0.81,0.62,5.32,2.42,3.24,1.66,4.42,4.19,3.64,3.44,2.14,2.95,4.28,3.82,2.53,1.16,2.31,2.39,2.67,2.57,6.08,3.86,3.97,2.44,3.66,3.49,3.24,3.14,3.08,3.99,1.89,4.48,2.57,2.75,2.38,2.58,2.56,4.84,8.02,3.20,4.74,2.14,2.70,3.53,5.29,3.53,3.31,6.40,8.28,7.84,1.35,32.24,4.72,4.59,1.19,1.62,1.03,1.29,1.36,2.17,2.27,3.13,2.86,2.33,3.34,3.53,2.11,2.63,4.47,3.15,4.06,5.37,3.03,5.32,12.00
May 2021,15.44,23.17,14.20,29.57,9.12,8.79,9.61,6.58,5.55,12.56,8.87,5.61,6.82,3.93,23.52,6.61,4.69,1.81,5.86,3.31,4.96,5.20,3.77,3.73,3.84,5.10,4.90,6.47,2.55,3.92,4.86,3.71,4.70,1.42,4.21,0.80,0.58,6.49,2.66,3.37,1.69,4.68,4.31,3.71,3.43,2.20,3.02,4.41,3.86,2.67,1.20,2.34,2.36,2.52,2.47,6.80,3.90,4.04,2.39,3.64,3.54,3.27,3.24,3.10,4.06,1.67,4.52,2.58,2.81,2.37,2.66,2.56,4.83,7.95,3.29,4.93,2.13,2.64,3.53,5.48,3.71,3.19,6.47,8.36,7.80,1.36,32.21,4.90,4.33,1.15,1.62,0.97,1.24,1.32,2.20,2.32,3.15,2.84,2.43,3.38,3.62,2.15,2.48,4.95,2.95,3.98,5.36,3.11,5.40,11.64
June 2021,16.20,24.58,18.69,28.29,8.05,8.39,11.29,6.08,5.19,12.95,9.92,6.40,6.27,4.06,24.66,6.93,4.95,1.72,5.81,3.32,4.92,5.16,3.95,3.83,3.73,5.11,4.79,6.32,2.57,3.94,4.83,3.68,4.83,1.42,3.95,0.77,0.57,6.27,3.36,2.78,1.70,4.51,4.32,3.64,3.54,2.38,3.26,4.39,4.08,2.70,1.35,2.39,2.18,2.01,2.45,6.53,3.85,3.95,2.48,3.55,3.59,3.26,3.22,3.05,4.13,1.75,4.49,2.52,2.70,2.36,2.59,2.59,4.86,7.88,3.34,4.91,2.16,2.76,3.53,5.67,3.75,3.19,6.77,8.90,7.41,1.37,31.97,4.74,4.50,1.25,1.58,1.14,1.29,1.34,2.21,2.35,3.02,2.81,2.52,3.27,3.50,2.30,2.61,5.29,3.12,3.94,5.08,3.03,5.59,12.58
July 2021,16.61,26.25,16.16,26.14,8.58,10.11,13.19,5.42,6.79,12.08,8.98,5.83,6.83,4.06,25.25,7.35,4.93,1.63,5.78,3.33,4.97,5.17,3.85,3.79,3.99,4.93,4.84,6.34,2.57,3.91,4.96,3.25,4.39,1.42,4.05,0.75,0.51,6.14,3.14,3.31,1.64,4.69,4.33,3.57,3.67,2.17,3.20,4.47,4.10,2.46,1.41,2.40,1.79,1.77,2.30,6.60,4.04,4.03,2.50,3.55,3.78,3.26,3.25,3.02,4.10,2.02,4.51,2.55,2.80,2.42,2.64,2.57,4.90,8.07,3.39,4.95,2.11,2.75,3.60,5.49,3.99,3.22,7.83,9.00,7.73,1.37,32.99,4.67,4.90,1.18,1.47,1.10,1.30,1.35,2.13,2.30,3.08,2.83,2.37,3.38,3.49,2.39,2.73,5.25,3.13,4.13,5.36,3.20,5.29,12.09
August 2021,16.64,28.75,18.44,23.68,9.31,8.44,13.74,7.07,6.50,13.75,9.96,6.23,7.11,4.20,25.30,6.91,4.78,1.66,5.94,3.33,4.95,5.14,3.66,3.68,4.04,5.08,5.18,6.60,2.65,4.06,5.10,3.29,4.53,1.42,4.21,0.74,0.50,6.38,2.47,3.34,1.71,4.09,4.22,3.80,3.45,1.98,2.92,4.49,3.95,2.27,1.41,2.32,1.94,1.72,2.39,5.35,3.77,4.02,2.41,3.51,3.65,3.16,3.23,3.05,4.03,1.97,4.59,2.62,2.88,2.42,2.64,2.66,4.84,8.03,3.33,4.80,2.22,2.72,3.60,5.52,3.72,3.22,8.41,8.68,7.56,1.37,32.33,4.74,5.13,1.17,1.63,0.84,1.29,1.36,2.17,2.33,3.13,2.87,2.42,3.38,3.43,2.34,2.74,5.32,3.15,4.13,5.41,3.26,5.37,12.86
September 2021,16.40,21.40,20.71,25.09,9.36,9.72,9.84,8.15,6.12,12.86,9.83,6.27,6.81,4.12,26.72,7.24,4.51,1.68,5.95,3.33,4.98,5.16,3.71,3.71,3.86,4.17,5.13,6.26,2.63,3.94,3.99,2.87,4.08,1.41,4.30,0.75,0.48,5.25,2.84,3.75,1.69,3.64,4.22,3.57,3.53,1.72,2.94,4.36,3.89,2.09,1.42,2.18,1.99,1.98,2.22,4.79,2.86,4.01,2.37,3.37,3.20,3.01,3.11,2.92,3.99,1.73,4.45,2.61,2.91,2.35,2.58,2.69,4.74,7.85,3.23,4.64,1.68,2.78,3.69,5.54,3.86,3.20,9.13,9.39,7.06,1.35,32.14,4.86,5.13,1.31,1.50,1.01,1.29,1.34,2.07,2.12,3.18,2.88,2.48,3.39,3.41,2.21,2.92,5.30,3.08,4.01,5.61,3.18,5.69,12.19
October 2021,18.04,26.85,13.28,19.50,10.03,7.79,11.45,7.90,6.37,12.61,11.86,7.72,6.92,4.19,25.91,7.34,4.90,1.69,5.95,3.33,4.98,5.14,3.73,3.74,3.63,4.66,4.92,6.12,2.64,4.09,3.87,3.04,4.00,1.42,4.12,0.78,0.50,5.05,3.38,4.20,1.63,3.30,4.22,3.21,4.06,1.66,2.58,4.34,3.64,2.28,1.63,2.39,2.35,2.43,2.38,6.11,2.63,3.95,2.41,3.24,3.16,2.84,3.09,2.79,4.02,1.58,4.44,2.61,2.79,2.38,2.54,2.56,4.82,8.02,3.37,4.66,2.20,2.74,3.59,5.21,3.83,3.43,9.15,9.76,7.48,1.34,31.95,4.73,5.05,1.43,1.47,1.30,1.27,1.16,2.09,2.11,3.01,2.72,2.53,3.33,3.52,2.37,2.88,4.50,3.12,3.94,5.84,2.98,5.73,12.79
November 2021,17.56,21.84,18.36,30.13,10.03,9.15,11.80,7.98,6.05,13.63,9.17,5.71,7.28,4.11,26.21,6.91,4.78,1.58,5.94,3.32,4.85,5.16,3.58,3.61,3.64,4.56,5.31,6.15,2.63,4.06,4.18,2.99,4.19,1.42,4.49,0.82,0.55,5.70,3.70,5.69,1.59,3.68,4.12,3.26,4.83,1.71,2.59,4.49,3.74,2.58,1.86,2.31,3.32,3.32,2.86,6.94,2.97,4.00,2.40,3.45,3.41,3.15,3.30,3.04,4.02,1.76,4.68,2.60,2.82,2.43,2.51,2.81,4.86,7.79,3.38,4.75,2.25,2.86,3.57,5.17,3.72,3.56,7.44,10.39,8.35,1.34,30.90,5.06,5.51,1.48,1.49,1.12,1.39,1.29,2.17,2.23,2.95,2.75,2.45,3.35,3.55,2.32,2.99,4.53,3.06,3.98,5.81,3.25,5.80,11.78
December 2021,18.93,20.32,13.29,21.03,9.58,9.08,10.03,8.41,7.30,14.35,11.96,7.63,7.26,4.40,24.97,7.49,4.88,1.91,6.06,3.32,4.99,5.19,3.86,3.82,3.72,5.01,5.02,5.92,2.64,4.06,5.26,3.80,4.84,1.47,4.74,0.86,0.64,6.44,2.89,5.77,1.67,3.81,4.15,3.07,5.25,2.00,2.61,4.59,3.69,2.68,1.82,2.46,2.65,3.25,2.94,7.33,3.61,4.02,2.50,3.32,3.15,3.00,3.14,2.94,4.03,1.71,4.83,2.71,2.96,2.55,2.53,2.77,4.85,8.13,3.54,4.69,2.38,2.91,3.68,5.59,3.86,3.74,10.11,10.56,8.22,1.36,31.34,4.80,5.31,1.52,1.56,1.34,1.38,1.15,2.05,2.16,3.07,2.94,2.48,3.31,3.49,2.43,3.05,4.88,2.96,4.02,5.94,3.37,5.79,13.11
January 2022,17.75,26.55,18.07,29.18,10.31,9.21,10.21,4.36,5.94,13.57,10.12,6.46,6.80,4.22,26.99,7.18,4.87,1.63,6.00,3.30,5.01,5.21,3.64,3.62,3.77,4.95,5.16,6.29,2.68,4.11,4.92,3.73,4.87,1.48,4.75,0.88,0.73,6.70,2.86,4.78,1.82,4.13,4.17,3.49,5.51,2.24,2.66,4.75,3.69,2.82,1.90,2.41,2.40,3.08,2.75,7.45,3.96,4.04,2.38,3.50,3.46,3.30,3.40,3.21,4.10,1.79,4.64,2.64,3.02,2.65,2.70,2.92,4.80,8.30,3.39,4.86,2.41,2.78,3.77,5.56,3.85,3.84,8.09,8.63,8.43,1.37,30.94,4.60,5.34,1.47,1.40,1.24,1.30,1.24,2.16,2.29,3.22,3.05,2.43,3.38,3.68,2.32,3.16,5.03,3.08,3.94,5.95,3.05,5.97,13.07
February 2022,16.01,26.14,17.46,30.55,10.02,7.49,11.25,4.12,5.81,13.17,10.64,6.90,7.18,4.20,26.39,7.38,4.76,1.68,6.03,3.45,5.26,5.69,3.84,3.74,4.02,5.52,5.27,6.55,2.79,4.09,4.54,3.19,4.67,1.48,4.73,0.87,0.79,6.79,3.19,3.65,1.90,3.36,4.18,3.43,5.03,2.28,3.02,5.22,4.16,2.89,1.82,2.42,2.49,3.18,2.70,7.14,4.32,4.00,2.46,3.46,3.38,3.17,3.30,3.11,4.00,1.69,4.74,2.70,3.07,2.55,2.81,2.96,4.83,8.49,3.66,4.90,2.62,2.83,3.81,5.81,3.72,3.92,10.36,11.32,7.01,1.37,29.86,5.19,5.53,1.46,1.49,1.10,1.32,1.35,2.17,2.30,3.32,3.21,2.60,3.40,3.76,2.50,3.30,5.10,2.92,4.13,5.62,3.46,5.63,13.93
March 2022,17.78,33.07,16.26,24.94,10.16,8.01,10.62,7.50,6.03,14.67,10.44,5.48,6.88,3.95,27.08,7.37,4.74,1.77,5.92,3.49,5.26,5.77,3.98,3.86,4.28,4.69,5.47,6.84,2.84,4.24,5.28,4.08,5.18,1.49,4.78,0.87,0.88,6.93,2.61,3.08,1.99,3.81,4.16,3.28,4.20,2.22,3.40,5.58,4.30,3.17,1.31,2.36,2.94,3.74,2.71,7.23,4.51,4.08,2.52,3.51,3.79,3.25,3.31,3.17,4.28,1.82,4.74,2.79,3.04,2.63,2.68,3.15,4.99,8.59,3.90,5.14,2.40,2.82,3.95,5.79,3.64,3.96,10.06,11.73,8.76,1.40,28.18,5.32,5.73,1.34,1.48,1.43,1.37,1.38,2.15,2.27,3.32,3.27,2.55,3.41,3.74,2.50,3.43,5.25,3.06,4.02,6.05,3.39,5.65,14.16
April 2022,18.68,30.63,17.21,20.27,10.47,9.01,11.57,8.41,5.63,15.81,12.73,8.34,7.30,4.39,28.72,7.73,4.95,1.88,5.97,3.52,5.30,5.84,4.04,3.93,3.85,5.66,6.44,6.61,2.75,4.33,5.34,3.74,5.04,1.49,4.73,0.88,0.89,6.27,2.79,3.96,2.20,3.73,4.14,3.27,3.93,2.28,3.45,5.59,4.61,3.11,1.21,2.42,3.09,3.47,2.52,6.80,4.01,4.25,2.49,3.28,3.16,2.93,3.10,2.93,4.10,1.89,4.62,2.81,3.15,2.56,2.75,2.93,5.17,9.04,3.86,5.19,2.36,2.97,3.79,5.88,3.73,4.06,10.62,12.52,8.38,1.42,30.64,5.37,6.10,1.52,1.39,1.15,1.43,1.24,2.16,2.29,3.42,3.28,2.60,3.53,3.70,2.58,3.41,5.33,3.16,4.14,6.32,3.35,5.73,13.66
May 2022,18.99,24.34,17.12,31.97,10.08,8.01,11.98,8.17,6.63,15.51,12.12,5.98,7.19,4.48,30.60,7.93,4.52,1.78,5.65,3.50,5.26,5.82,3.98,3.92,4.16,5.91,6.34,6.86,2.88,4.35,5.44,4.19,5.35,1.49,4.93,0.89,0.80,7.23,3.88,3.80,2.31,4.45,4.74,3.76,3.97,2.50,3.86,5.62,4.73,3.23,1.23,2.59,2.84,3.09,2.69,7.28,4.51,4.30,2.54,3.55,3.63,3.21,3.28,3.12,4.00,1.70,4.90,2.83,3.16,2.61,2.87,3.01,5.16,8.92,3.83,5.19,2.60,2.96,3.87,6.06,3.73,4.06,10.62,12.82,8.49,1.43,33.53,5.34,5.92,1.60,1.45,1.10,1.47,1.37,2.09,2.30,3.43,3.28,2.54,3.62,3.88,2.36,3.24,5.47,3.18,3.98,6.46,3.39,5.83,13.85
June 2022,19.09,22.03,20.18,25.76,9.91,8.71,11.62,6.84,6.13,14.71,10.34,6.32,6.97,4.56,30.86,8.07,4.61,1.81,5.66,3.49,5.23,5.77,3.91,3.85,4.06,6.07,6.61,6.72,2.84,4.37,5.49,4.15,5.37,1.49,4.65,0.84,0.65,5.78,4.46,3.14,2.32,4.62,5.21,3.84,3.91,2.87,3.93,5.73,4.73,3.37,1.25,2.29,2.73,2.64,2.44,6.98,4.81,4.28,2.60,3.45,3.48,3.16,3.29,3.11,4.00,1.64,4.87,2.82,3.17,2.56,2.78,3.17,5.27,8.84,3.76,5.19,2.43,2.99,3.80,6.03,3.88,3.95,10.90,12.67,8.57,1.42,31.63,5.41,6.08,1.49,1.61,1.45,1.42,1.41,2.28,2.41,3.55,3.42,2.61,3.44,4.00,2.74,3.16,5.49,2.99,3.99,6.22,3.39,6.01,13.96
July 2022,19.31,21.87,17.81,31.99,10.48,8.63,11.21,5.12,5.98,16.37,11.74,6.22,7.35,4.60,29.60,7.75,4.78,1.61,5.89,3.49,5.17,5.78,3.94,3.89,4.33,5.35,6.79,6.74,2.77,4.46,5.45,4.35,5.45,1.49,4.88,0.83,0.58,6.26,3.99,3.63,2.08,4.44,5.25,3.78,4.25,2.57,3.92,5.63,5.08,2.89,1.25,2.37,2.09,1.93,2.28,6.41,5.16,4.17,2.56,3.60,3.71,3.23,3.32,3.17,4.13,1.94,5.03,2.92,3.28,2.66,2.88,3.09,5.28,8.92,3.87,5.46,2.48,2.96,3.79,6.16,4.20,3.91,11.98,12.49,8.14,1.40,31.95,5.34,6.18,1.62,1.62,1.44,1.43,1.51,2.25,2.43,3.67,3.54,2.72,3.54,4.07,2.70,3.21,5.18,3.00,4.21,6.42,3.47,5.88,13.35
August 2022,19.21,21.44,19.78,28.33,10.58,7.80,10.61,8.34,6.07,15.84,12.62,6.85,7.34,4.44,29.07,7.71,4.82,1.76,5.91,3.54,5.25,5.82,3.92,3.93,4.34,5.15,7.42,6.74,2.80,4.53,6.01,4.15,5.53,1.48,5.73,0.86,0.65,6.82,2.68,4.36,2.10,4.96,4.95,3.93,3.81,2.21,3.43,5.65,5.12,2.53,1.31,2.52,2.17,2.07,2.44,5.45,4.59,4.36,2.69,3.64,3.81,3.16,3.27,3.14,4.16,2.15,5.18,2.95,3.40,2.66,2.98,3.14,5.48,8.80,3.85,5.64,2.68,2.98,3.86,6.35,3.92,4.06,11.61,12.40,9.75,1.42,31.84,5.43,6.27,1.43,1.74,1.22,1.49,1.70,2.30,2.46,3.65,3.48,2.69,3.72,4.06,2.73,3.17,5.27,3.17,4.18,6.10,3.67,6.08,13.70
September 2022,17.91,26.60,21.96,23.52,11.13,7.66,10.22,8.89,7.39,15.64,12.84,6.74,7.15,4.38,29.56,7.66,4.86,1.73,5.84,3.65,5.43,5.99,4.00,3.98,4.12,5.03,7.34,6.83,2.81,4.58,4.47,2.99,4.44,1.49,5.23,0.80,0.59,6.64,3.64,4.33,1.84,3.99,4.76,3.53,3.72,1.99,3.45,5.55,4.68,2.49,1.46,2.21,2.45,2.45,2.07,4.91,3.23,4.45,2.74,3.60,3.70,3.12,3.31,3.14,4.07,2.21,4.76,2.93,3.42,2.62,3.04,3.27,5.56,9.18,3.95,5.48,2.30,3.11,3.86,6.26,4.21,4.04,10.30,13.79,8.07,1.47,32.28,5.49,6.38,1.63,1.58,1.12,1.42,1.58,2.33,2.41,3.62,3.57,2.77,3.79,4.15,2.86,3.35,5.39,3.36,4.26,6.42,3.83,6.24,14.16
October 2022,20.27,25.05,14.57,18.44,9.85,8.90,9.63,4.89,6.30,13.18,12.56,8.40,7.47,4.53,26.82,7.22,4.66,1.62,5.95,3.65,5.40,5.99,4.16,4.05,3.63,5.51,7.28,6.58,2.89,4.69,4.14,3.38,4.67,1.49,5.27,0.85,0.64,5.17,4.45,5.15,1.96,3.76,4.74,3.19,4.38,1.90,3.12,5.49,4.36,2.46,1.70,2.58,3.27,3.42,2.45,6.39,3.01,4.62,2.84,3.58,3.71,3.16,3.28,3.17,4.13,2.01,4.78,2.98,3.45,2.64,3.10,3.26,5.61,8.94,4.02,5.56,2.62,3.08,3.65,5.76,4.20,4.01,9.93,12.71,7.80,1.47,34.80,5.53,6.19,1.67,1.51,1.62,1.34,1.32,2.23,2.47,3.60,3.31,2.77,3.76,4.26,2.74,3.28,5.42,3.25,4.31,6.40,3.51,6.09,13.49
November 2022,19.27,18.97,18.07,30.69,10.21,7.95,8.04,7.30,6.02,13.47,12.58,6.20,7.18,4.50,27.46,7.44,4.79,1.63,5.87,3.66,5.42,6.07,4.22,4.11,4.00,5.31,7.49,6.67,2.88,4.57,4.89,3.13,4.60,1.48,5.67,0.90,0.70,6.57,4.34,6.52,1.88,4.33,4.69,3.69,6.20,2.29,3.13,5.50,4.38,3.07,1.57,2.47,4.10,4.64,2.87,7.89,3.34,4.69,2.68,3.63,3.80,3.31,3.32,3.32,4.51,1.99,4.91,3.01,3.54,2.84,2.84,3.48,5.68,9.24,4.04,5.46,2.82,3.17,3.76,6.09,3.95,3.94,10.99,12.95,8.71,1.44,34.80,5.21,6.09,1.48,1.61,1.11,1.45,1.40,2.32,2.47,3.60,3.29,2.70,3.71,4.21,2.73,3.23,4.75,3.34,4.25,6.54,3.53,6.12,14.27
December 2022,20.96,19.67,13.69,18.69,10.15,9.00,10.11,9.52,7.05,15.16,11.93,5.83,7.66,4.56,25.81,7.97,4.99,1.80,6.16,3.66,5.37,6.10,3.79,3.91,3.63,6.03,7.31,6.36,3.08,4.56,5.67,3.77,5.41,1.48,5.87,0.94,0.73,7.47,3.15,6.12,2.02,3.98,4.72,3.27,6.80,2.23,3.24,5.70,4.55,3.65,1.79,2.69,4.31,4.51,3.23,8.54,3.92,4.64,2.77,3.51,3.34,3.12,3.13,3.13,4.08,2.11,4.61,3.11,3.65,2.83,2.98,3.56,5.52,9.08,4.14,5.64,2.75,3.17,3.81,6.23,4.17,4.16,11.21,13.62,9.19,1.50,34.75,5.69,6.39,1.66,1.83,1.65,1.53,1.31,2.20,2.37,3.66,3.57,2.76,3.70,4.31,2.79,3.34,4.89,3.46,4.31,6.70,3.68,6.11,14.49
January 2023,18.66,27.78,18.83,31.59,10.13,9.55,8.03,4.24,5.72,14.07,12.73,6.01,6.87,4.39,29.38,7.85,4.96,1.85,5.78,3.64,5.45,6.06,4.18,4.17,4.23,5.65,7.33,6.91,3.02,4.62,5.29,3.71,5.12,1.49,5.69,0.86,0.74,6.82,3.06,4.27,1.84,4.85,4.56,3.98,6.54,2.42,3.37,5.53,4.51,4.29,1.96,2.56,2.94,3.99,3.12,8.84,4.37,4.51,2.64,3.60,3.83,3.27,3.30,3.27,4.77,1.94,5.25,3.07,3.67,2.91,3.14,3.57,5.62,9.23,3.94,5.66,2.85,2.96,3.77,6.19,4.19,4.03,10.74,12.15,9.99,1.49,37.12,5.54,6.14,1.70,1.79,1.52,1.54,1.51,2.34,2.49,3.83,3.58,2.58,3.71,4.43,3.03,3.36,4.97,3.40,4.26,6.69,3.28,6.27,13.95
February 2023,18.69,23.05,18.45,34.62,9.59,7.59,8.25,7.11,6.84,13.13,10.85,6.67,6.54,4.42,29.74,7.65,4.33,1.90,6.00,3.70,5.61,6.20,4.08,4.06,4.44,6.49,7.18,6.80,2.95,4.64,5.04,2.97,4.58,1.49,5.94,0.98,0.76,7.02,3.28,4.02,1.72,4.42,4.67,3.54,5.39,2.46,3.69,5.50,4.59,4.04,2.19,2.62,2.74,3.40,2.89,8.53,4.61,4.52,2.78,3.81,3.84,3.42,3.56,3.45,4.61,2.18,5.33,3.02,3.80,2.95,3.14,3.78,5.85,9.16,4.06,5.68,2.99,3.02,3.99,6.49,4.23,4.23,10.78,12.97,9.79,1.57,33.23,5.74,6.52,1.75,1.91,1.75,1.55,1.68,2.53,2.58,3.83,3.57,2.79,3.87,4.44,2.83,3.55,4.93,3.51,4.32,6.67,3.67,5.97,15.28
March 2023,18.73,30.42,21.21,27.62,10.26,7.09,8.21,5.28,5.95,14.17,13.14,5.83,6.82,4.39,30.66,7.21,4.89,1.85,5.91,3.71,5.71,6.25,4.13,4.14,4.29,5.15,7.27,6.91,3.02,4.66,5.72,4.03,5.58,1.49,5.26,0.93,0.79,6.62,2.78,3.40,1.85,4.44,4.70,3.73,4.92,2.36,4.02,5.48,4.42,3.53,1.58,2.70,2.84,3.18,2.89,8.01,4.41,4.59,2.91,3.98,4.05,3.57,3.68,3.59,4.78,2.18,5.25,3.14,3.63,2.91,3.29,3.70,5.85,9.24,4.08,5.65,2.45,3.43,4.30,6.16,4.28,4.44,10.81,13.36,9.79,1.62,37.74,6.27,6.56,1.76,1.93,1.64,1.59,1.52,2.78,2.51,3.70,3.57,2.79,3.91,4.58,3.18,3.48,4.22,3.62,4.39,7.07,3.86,6.32,14.23
April 2023,19.49,30.29,20.49,21.46,10.47,9.24,7.89,6.41,6.08,15.83,13.33,5.88,6.79,4.22,29.80,7.74,4.68,1.77,5.96,3.74,5.64,6.30,4.43,4.28,4.17,6.47,7.65,6.81,3.03,4.67,5.38,3.75,5.37,1.48,4.90,1.00,0.81,5.74,2.88,5.31,2.09,4.52,4.95,3.24,4.20,2.56,3.97,5.36,4.49,3.45,1.40,2.62,3.10,3.25,2.87,7.91,4.65,4.63,2.95,3.81,3.79,3.39,3.43,3.38,4.77,2.17,5.21,3.12,3.79,2.92,3.28,3.67,5.75,8.74,4.16,5.66,2.51,3.48,4.15,6.23,4.33,4.36,10.83,14.07,11.07,1.61,37.22,6.08,6.63,1.80,2.01,1.81,1.67,1.45,2.70,2.57,3.84,3.58,2.73,3.88,4.76,3.09,3.40,4.79,3.65,4.50,7.47,3.62,6.50,15.47
May 2023,19.32,24.26,21.89,35.20,10.88,8.32,8.00,9.07,6.23,13.04,12.81,6.19,6.10,4.26,30.53,7.99,4.71,1.92,5.82,3.76,5.60,6.26,3.99,3.96,4.51,6.27,7.76,6.95,3.04,4.55,5.63,4.67,6.11,1.49,4.30,0.86,0.72,9.51,3.85,3.16,1.99,5.35,5.13,4.04,4.06,2.78,3.93,5.30,4.57,3.67,1.31,2.65,3.16,3.50,2.91,7.54,5.13,4.57,3.02,3.98,4.12,3.59,3.76,3.51,4.63,2.12,5.12,3.15,3.75,2.89,3.17,3.54,5.84,9.08,4.23,5.77,2.89,3.44,4.39,6.60,4.23,4.48,10.97,14.19,11.36,1.63,37.90,6.17,6.47,1.75,2.13,1.37,1.60,1.55,2.62,2.69,3.79,3.58,2.81,3.74,4.83,3.20,3.40,4.70,3.60,4.51,7.36,3.69,6.54,14.53
June 2023,19.67,23.57,23.89,32.00,10.51,8.07,7.29,9.04,6.51,13.91,13.58,5.71,6.20,4.40,28.97,7.89,4.11,2.01,5.81,3.76,5.68,6.27,4.28,4.23,4.62,6.29,7.83,6.68,3.07,4.67,5.74,4.84,6.26,1.50,4.78,0.85,0.67,8.43,3.67,2.89,2.03,5.36,5.22,4.10,4.43,2.65,4.06,5.30,4.79,3.96,1.29,2.41,2.65,2.74,2.86,7.22,5.17,4.55,3.05,3.93,4.07,3.56,3.83,3.49,4.78,1.94,4.73,3.09,3.90,2.88,3.04,3.27,5.89,9.00,4.17,5.72,2.73,3.56,4.48,6.82,4.22,4.57,12.44,13.08,12.16,1.68,41.05,6.48,6.39,1.61,2.08,1.36,1.66,1.67,2.63,2.74,3.74,3.56,2.72,3.79,4.78,2.97,3.33,4.56,3.47,4.38,7.45,3.53,6.38,15.26
July 2023,19.91,28.90,22.68,31.20,10.60,7.85,8.57,9.11,6.45,14.15,12.44,6.51,6.30,4.50,27.86,7.97,5.15,1.60,5.92,3.76,5.70,6.26,4.12,4.11,4.58,6.01,7.79,6.99,3.15,4.75,5.64,4.56,6.11,1.49,5.14,0.79,0.65,6.12,3.12,3.10,2.04,5.23,5.20,4.21,4.50,2.64,3.86,5.40,4.98,3.38,1.37,2.35,2.45,2.18,2.28,7.04,4.84,4.57,3.18,3.90,3.99,3.51,3.74,3.48,4.89,1.98,5.24,3.09,4.01,2.94,3.25,3.54,5.91,9.14,4.22,5.81,2.82,3.45,4.44,6.69,4.51,4.33,10.69,13.35,11.45,1.70,37.94,6.18,6.53,1.61,2.01,1.67,1.67,1.60,2.61,2.67,3.81,3.57,2.72,3.80,4.90,3.17,3.32,4.80,3.59,4.49,7.27,3.68,6.50,13.97
August 2023,20.29,24.74,28.33,32.30,10.62,9.39,8.87,9.38,7.03,14.38,13.44,7.25,6.44,4.14,24.67,7.98,5.13,2.07,5.96,3.77,5.63,6.28,4.11,4.05,4.76,5.81,7.80,6.65,3.09,4.75,5.82,4.51,6.04,1.48,5.79,0.82,0.76,6.70,2.26,4.22,2.19,5.05,5.06,4.29,4.12,2.39,3.53,5.47,4.95,2.99,1.45,2.65,2.76,2.14,2.66,5.63,4.60,4.65,3.17,3.89,4.15,3.54,3.73,3.59,4.93,2.01,5.14,3.05,3.84,2.94,3.20,3.49,6.03,9.19,4.17,5.63,2.87,3.37,4.41,6.67,4.45,4.43,10.76,11.96,12.31,1.69,39.81,6.00,6.49,1.75,1.89,1.27,1.58,1.59,2.63,2.68,3.68,3.54,2.69,3.83,4.94,3.04,3.39,4.80,3.59,4.49,7.29,3.60,6.49,13.76
September 2023,19.55,26.20,28.58,28.49,11.30,8.82,7.89,9.47,6.71,15.33,13.72,5.46,7.30,4.23,26.93,7.95,4.41,1.98,5.93,3.76,5.65,6.20,4.25,4.15,4.34,5.42,7.98,7.03,3.14,4.52,4.27,3.19,4.73,1.48,5.16,0.73,0.67,7.10,2.99,4.18,2.28,3.81,4.83,3.92,3.93,2.15,3.50,5.39,4.71,2.89,1.57,2.27,2.82,2.38,2.23,5.12,3.39,4.51,3.18,3.85,4.08,3.43,3.69,3.46,4.61,2.19,4.89,3.01,3.91,2.84,3.15,3.37,5.99,9.00,4.06,5.59,2.26,3.44,4.52,6.42,4.36,4.52,9.63,13.23,11.00,1.66,39.40,6.17,6.49,1.78,1.65,1.21,1.42,1.34,2.58,2.71,3.81,3.57,2.63,3.91,4.83,2.94,3.46,4.15,3.84,4.20,7.35,3.83,6.71,14.36
October 2023,18.23,24.85,26.58,20.26,11.49,8.84,7.60,5.23,6.26,14.18,13.32,8.82,7.43,4.11,25.99,7.59,5.06,1.58,5.88,3.75,5.68,6.22,4.32,4.22,4.31,5.88,7.86,6.49,3.08,4.80,4.30,3.16,4.74,1.48,5.46,0.82,0.75,7.85,4.13,3.35,2.30,4.03,4.82,3.36,4.58,2.04,3.54,5.25,4.49,3.20,1.72,2.64,2.99,2.53,2.57,6.75,2.99,4.59,3.23,3.80,3.77,3.37,3.56,3.35,4.87,1.91,5.03,3.08,3.76,2.68,3.15,3.41,5.76,9.05,4.16,5.65,2.65,3.52,4.35,6.32,4.41,4.81,10.38,13.32,11.80,1.60,40.92,6.23,6.58,1.93,2.05,1.56,1.62,1.44,2.62,2.64,3.82,3.62,2.70,3.78,4.85,3.11,3.36,4.42,3.88,4.34,7.03,3.54,6.80,13.42
November 2023,21.36,21.40,20.14,34.95,11.58,7.99,9.08,7.75,5.72,13.86,10.95,7.03,6.70,4.22,25.12,7.50,4.93,1.93,5.81,3.75,5.70,6.29,3.87,3.83,4.21,5.93,7.61,6.81,3.05,4.74,4.58,3.26,4.91,1.47,4.40,0.88,0.79,8.44,3.71,5.21,2.19,4.30,4.84,3.62,5.14,2.23,3.64,5.27,4.54,3.54,1.66,2.64,3.02,2.98,2.83,7.75,3.50,4.60,3.02,4.03,3.92,3.64,3.74,3.57,4.65,2.03,4.56,3.04,3.66,2.78,3.02,3.31,5.80,9.25,4.19,5.52,2.68,3.40,4.54,6.44,4.27,4.83,9.78,12.89,13.13,1.64,41.76,6.25,6.68,1.78,2.06,1.54,1.70,1.59,2.58,2.51,3.91,3.63,2.63,3.71,4.78,3.14,3.37,4.34,3.66,4.41,7.20,3.86,6.59,14.30
December 2023,20.80,19.18,20.83,24.88,12.23,8.88,9.17,6.35,5.80,12.30,12.46,8.09,7.06,4.33,24.79,7.42,4.48,1.92,5.99,3.75,5.70,6.28,4.26,4.19,4.17,6.03,7.71,6.30,3.33,4.85,5.31,3.84,5.50,1.47,5.70,0.93,0.84,8.54,3.47,5.79,2.16,4.40,4.99,3.49,5.49,2.07,3.70,5.56,4.71,3.49,1.72,2.67,3.11,3.01,2.76,8.45,3.88,4.64,3.12,3.99,3.60,3.45,3.67,3.46,4.69,1.87,4.81,3.11,3.88,2.65,3.22,3.49,5.77,9.11,4.16,5.64,3.01,3.80,4.76,6.52,4.17,4.70,10.26,13.30,13.45,1.59,41.92,6.21,6.66,1.71,2.10,1.82,1.76,1.48,2.51,2.60,3.95,3.67,2.61,3.54,4.83,3.31,3.32,4.34,3.70,4.44,7.42,3.67,6.77,14.26
January 2024,18.04,29.86,17.80,33.03,11.06,8.60,7.05,4.81,5.16,13.68,12.66,8.29,6.49,4.07,27.34,7.28,4.51,1.61,5.83,3.71,5.58,6.29,4.12,4.10,4.21,6.00,7.56,6.84,3.25,4.66,4.98,3.03,4.62,1.45,4.45,0.90,0.81,7.81,3.30,4.90,2.03,5.15,4.83,4.00,6.26,2.32,3.76,5.37,4.51,3.53,1.99,2.35,2.79,3.17,2.48,8.75,4.52,4.45,3.37,4.00,3.75,3.47,3.62,3.45,4.67,1.78,4.96,3.03,3.24,2.77,3.11,3.17,5.61,9.26,4.16,5.57,3.14,3.61,4.72,6.04,4.33,4.67,10.11,11.34,13.66,1.59,40.10,5.69,6.28,1.79,2.04,1.47,1.64,1.51,2.50,2.70,3.78,3.52,2.55,3.77,4.73,3.12,3.43,4.16,3.66,4.56,7.46,3.64,6.95,15.26
February 2024,17.51,23.48,18.31,25.66,11.09,8.17,7.49,5.01,5.27,12.62,11.80,7.16,5.73,4.07,26.58,7.14,4.39,1.69,5.68,3.72,5.52,6.32,3.92,3.99,4.18,5.93,7.54,6.60,3.28,4.70,4.94,2.96,4.61,1.45,5.59,0.91,0.70,6.98,2.96,3.63,2.05,3.67,4.79,3.98,5.58,2.46,4.06,5.61,4.79,3.32,1.81,2.50,2.92,3.09,2.27,8.36,4.38,4.41,3.50,4.01,3.86,3.55,3.73,3.59,4.58,1.89,4.75,3.06,3.12,2.79,3.06,2.96,5.45,8.99,4.21,4.98,3.05,3.66,5.05,6.30,4.24,4.66,10.73,11.33,14.78,1.62,42.99,5.90,6.22,1.43,1.98,1.30,1.50,1.61,2.46,2.68,3.77,3.40,2.60,3.67,4.46,3.06,3.45,4.06,3.71,4.58,7.23,3.82,6.44,15.53
March 2024,16.52,29.43,20.59,21.16,11.49,9.63,8.93,9.32,6.20,13.91,9.89,5.35,5.94,4.42,26.61,7.30,3.80,1.71,5.90,3.72,5.58,6.26,4.16,4.08,3.96,5.35,7.53,6.62,3.27,4.53,4.55,3.74,5.18,1.45,4.83,0.92,0.79,6.50,2.59,3.09,2.09,4.83,4.79,3.50,4.72,2.33,3.33,5.86,4.36,3.26,1.53,2.33,3.19,3.47,2.21,8.67,4.16,4.39,3.59,3.86,3.34,3.16,3.60,3.24,4.63,1.84,4.68,3.03,3.05,2.83,2.99,3.07,5.52,8.96,4.20,4.12,2.60,3.69,5.41,6.37,4.29,4.78,9.65,11.29,15.54,1.58,43.42,5.92,6.33,1.89,2.07,1.40,1.62,1.52,2.33,2.42,3.69,3.33,2.69,3.75,4.75,2.82,3.20,4.08,3.86,4.67,7.09,4.08,6.93,13.99
April 2024,18.59,23.80,18.57,31.09,11.29,9.18,8.08,9.53,5.86,13.40,11.97,7.62,6.09,4.28,28.41,6.98,4.64,1.57,5.67,3.70,5.50,6.30,4.25,4.14,4.29,5.96,6.99,6.99,3.28,4.76,4.68,2.85,4.18,1.45,4.76,0.91,0.77,8.14,2.87,3.19,1.84,5.18,4.74,3.75,4.02,2.57,4.05,5.72,4.89,2.97,1.43,2.31,3.24,3.64,2.21,6.38,3.90,4.25,2.81,4.16,3.84,3.44,3.74,3.48,4.58,1.92,4.65,3.01,3.10,2.79,3.02,3.05,5.35,8.86,4.15,5.09,3.19,3.52,5.34,6.14,4.24,4.58,9.97,11.12,15.70,1.60,44.71,5.94,6.25,1.91,2.06,1.39,1.63,1.61,2.40,2.64,3.67,3.32,2.68,3.88,4.75,3.06,3.32,4.36,3.72,4.66,7.32,3.59,6.69,14.55
May 2024,20.41,28.70,21.00,28.76,12.23,8.73,8.66,8.97,5.75,13.54,10.74,5.75,5.95,4.47,27.15,7.27,4.33,1.83,6.08,3.79,5.62,6.48,4.11,4.08,4.31,5.78,7.43,6.86,3.38,4.79,4.85,4.08,4.86,1.45,4.84,0.88,0.66,8.96,2.78,2.93,2.08,5.93,5.01,4.11,4.16,2.58,3.85,5.81,5.08,3.45,1.14,2.59,3.15,3.94,2.50,7.32,4.23,4.32,3.45,4.15,3.82,3.52,3.81,3.53,4.96,1.97,4.89,2.93,3.33,2.51,3.01,3.35,5.72,6.88,4.12,5.20,2.88,3.57,5.37,6.56,4.25,4.70,9.23,12.16,15.06,1.63,44.83,6.27,6.36,1.56,2.03,1.54,1.63,1.52,2.45,2.72,3.68,3.39,2.62,3.81,4.26,3.01,3.34,4.56,3.82,4.65,7.36,4.23,6.78,12.65
June 2024,20.42,26.94,22.55,29.05,12.83,8.75,8.66,10.37,5.19,12.26,8.72,5.77,6.27,4.36,27.89,7.43,3.91,1.58,6.13,3.80,5.72,6.59,4.39,4.21,4.41,6.19,7.02,6.85,3.41,4.53,5.38,4.20,5.08,1.45,5.24,0.89,0.61,6.11,2.87,2.52,2.24,5.84,4.99,4.19,4.20,2.67,4.11,5.97,5.42,3.35,1.32,2.15,3.18,3.20,2.91,6.63,4.27,4.32,3.02,4.08,3.70,3.52,3.79,3.54,4.84,1.93,4.73,3.01,3.31,2.97,3.12,3.07,5.75,4.79,4.10,5.13,3.14,3.74,5.45,6.63,4.38,4.29,9.25,9.09,16.73,1.67,45.65,6.16,6.29,1.95,2.17,1.69,1.66,1.61,2.41,2.80,3.61,3.37,2.69,3.92,4.49,3.00,3.25,4.27,3.83,4.74,7.60,3.75,6.78,12.38
July 2024,20.66,30.58,22.79,30.36,13.14,8.53,8.48,10.26,5.40,11.86,10.81,7.53,6.13,4.24,27.73,7.19,4.58,1.68,6.16,3.80,5.77,6.49,4.50,4.23,4.53,6.29,7.51,7.00,3.47,4.73,5.54,3.52,4.66,1.44,5.07,0.90,0.72,6.28,2.94,3.45,2.48,5.16,4.95,4.00,4.26,2.67,4.16,6.18,5.56,3.29,1.30,2.28,2.47,2.81,2.47,7.62,4.71,4.33,3.61,4.08,3.85,3.56,3.82,3.57,4.69,1.90,4.68,3.05,3.30,2.58,3.23,3.18,5.64,7.25,4.28,5.26,2.60,3.66,5.38,6.83,4.50,4.63,9.32,9.12,16.20,1.63,46.30,6.15,6.32,1.70,2.05,1.38,1.66,1.61,2.40,2.71,3.74,3.39,2.64,3.90,4.70,3.00,3.34,4.62,3.78,4.91,7.52,3.85,6.48,12.23
August 2024,22.29,28.17,22.84,27.90,13.47,8.09,8.28,9.83,5.51,12.97,8.86,5.47,6.51,4.32,26.43,7.11,3.84,1.59,6.07,3.82,5.71,6.56,4.62,4.25,4.51,5.74,7.20,7.00,3.47,4.82,5.48,4.11,5.56,1.45,5.40,0.83,0.74,6.40,2.37,4.19,2.50,4.40,4.89,4.21,4.23,2.51,3.87,5.93,5.13,2.80,1.50,2.55,2.70,2.41,2.55,7.48,4.38,4.34,3.33,3.94,3.71,3.41,3.67,3.43,4.72,1.90,4.69,3.00,3.26,2.81,2.95,3.21,5.76,8.46,4.15,5.14,3.10,3.68,5.46,7.11,4.40,4.68,9.14,10.92,15.81,1.61,47.52,6.01,6.34,1.93,1.88,1.31,1.63,1.59,2.48,2.77,3.72,3.43,2.62,3.86,4.71,3.06,3.25,4.42,3.82,4.76,7.58,3.49,6.96,13.30
September 2024,21.79,32.47,22.39,32.88,13.59,9.71,7.92,7.06,5.55,13.38,11.04,7.58,6.11,4.33,27.05,7.11,4.50,1.76,6.11,3.80,5.79,6.54,4.24,4.16,4.44,5.38,7.34,6.69,3.45,4.85,4.10,4.32,5.17,1.44,5.15,0.89,0.73,5.85,3.52,4.23,2.25,3.54,4.89,3.78,4.32,2.24,3.24,5.96,4.61,2.56,1.63,2.58,2.21,2.88,2.08,6.01,3.31,4.28,3.40,3.94,3.58,3.39,3.61,3.41,4.54,1.85,4.72,3.05,3.31,2.90,3.13,3.02,5.67,8.62,4.07,5.10,2.71,3.47,5.28,6.75,3.87,4.75,9.16,9.36,15.28,1.63,46.94,6.00,6.48,1.71,1.93,1.28,1.49,1.47,2.52,2.78,3.73,3.42,2.54,3.88,4.68,3.03,3.30,4.51,3.84,4.67,7.61,4.03,6.94,12.73
October 2024,20.04,23.74,24.16,25.29,12.88,8.80,9.12,6.57,7.23,12.89,12.47,6.38,6.52,4.45,26.00,7.12,4.58,1.47,6.01,3.77,5.77,6.51,4.14,4.08,4.30,5.49,7.21,6.67,3.50,4.87,3.95,4.42,5.77,1.44,5.53,0.90,0.78,5.96,3.00,4.12,2.20,3.78,4.89,3.26,4.34,2.31,2.89,5.75,4.25,3.07,1.64,2.59,2.52,2.98,2.34,7.49,2.97,4.31,3.59,3.93,3.44,3.29,3.64,3.31,4.53,1.87,4.64,3.01,3.12,2.95,3.10,3.12,5.82,8.63,4.28,4.46,2.67,3.58,5.33,6.58,3.97,4.85,8.81,9.36,16.11,1.63,46.24,6.17,6.47,1.54,2.10,1.34,1.66,1.53,2.49,2.75,3.63,3.45,2.66,3.66,4.74,3.04,3.26,4.28,3.84,4.59,7.64,3.95,6.96,13.09
November 2024,17.98,27.66,22.83,32.28,12.98,9.02,7.83,9.97,6.51,12.54,11.30,5.88,6.00,4.44,25.73,7.17,4.51,1.62,5.79,3.80,5.68,6.53,4.26,4.14,4.31,5.47,7.27,6.79,3.49,4.81,4.37,3.67,5.34,1.45,6.00,0.89,0.75,6.93,2.68,5.86,1.93,4.57,4.85,3.77,5.77,2.33,3.18,5.78,4.49,3.38,1.71,2.62,3.06,3.45,2.40,9.14,3.60,4.31,3.48,3.97,3.47,3.43,3.60,3.46,4.72,1.85,4.41,3.05,3.26,2.90,3.22,3.08,5.71,8.68,4.14,5.12,2.96,3.54,5.36,6.78,3.94,4.74,9.93,10.01,15.91,1.60,46.10,6.16,6.45,1.76,2.03,1.32,1.61,1.51,2.49,2.73,3.65,3.44,2.63,3.65,4.66,3.13,3.29,4.26,3.61,4.61,7.34,4.02,6.90,12.37
December 2024,21.61,23.62,20.42,23.20,13.38,8.02,7.91,9.15,5.95,13.29,11.95,7.90,6.47,4.45,24.80,7.41,4.63,1.73,5.72,3.81,5.77,6.51,4.15,4.13,4.15,5.76,7.46,6.49,3.52,4.80,4.62,3.34,4.74,1.46,5.98,0.93,0.74,8.37,3.51,6.04,2.05,4.94,4.88,3.42,6.09,2.41,3.29,5.75,4.49,3.45,1.83,2.67,3.18,3.86,2.33,9.35,4.17,4.30,3.69,3.81,3.22,3.13,3.54,3.15,4.54,1.69,4.69,3.01,3.29,2.78,3.10,3.00,5.62,7.58,4.24,5.05,3.06,3.51,5.38,7.02,3.81,4.82,10.32,11.00,15.97,1.59,44.84,6.19,6.42,1.99,2.13,1.24,1.63,1.59,2.38,2.67,3.58,3.43,2.68,3.67,4.60,3.00,3.37,4.53,3.62,4.57,7.58,4.02,6.99,13.28
January 2025,18.28,27.73,23.08,25.50,13.35,8.30,7.56,5.14,5.66,13.62,12.28,7.77,6.30,4.32,27.12,7.20,4.39,1.60,6.18,3.81,5.76,6.49,4.04,4.06,4.43,5.88,7.42,6.83,3.48,4.87,4.89,3.50,4.91,1.48,5.80,0.93,0.75,8.32,3.87,4.59,2.37,4.98,4.94,4.32,6.47,2.33,3.59,5.68,4.70,3.62,1.87,2.54,2.79,3.72,2.56,9.13,4.49,4.34,3.61,3.92,3.54,3.41,3.55,3.41,4.81,1.52,4.89,3.01,3.32,2.90,3.02,3.06,5.72,8.52,4.10,5.21,3.28,3.42,5.50,6.90,4.22,4.75,9.00,10.21,16.07,1.57,46.63,5.88,6.46,1.98,2.13,1.23,1.64,1.57,2.47,2.69,3.68,3.52,2.52,3.73,4.71,3.04,3.29,4.27,3.55,4.49,7.58,3.84,6.98,12.89
February 2025,19.77,29.25,27.15,29.29,12.96,7.87,8.04,7.35,5.97,11.95,11.12,6.05,6.49,4.27,27.16,7.03,4.99,1.69,6.09,3.84,5.81,6.66,4.03,4.14,4.49,5.81,7.31,6.94,3.47,4.83,5.51,4.39,5.55,1.48,7.11,0.92,0.77,6.76,4.13,3.41,2.29,4.62,4.92,4.06,5.01,2.61,4.07,5.68,4.83,3.55,1.76,2.54,3.22,3.68,2.08,8.04,4.78,4.34,2.73,4.01,3.69,3.46,3.67,3.44,4.50,1.91,4.76,3.07,3.41,2.85,2.96,3.12,5.71,9.41,4.18,5.12,3.42,3.65,5.71,7.23,4.10,4.81,9.21,9.03,12.61,1.58,48.35,5.58,6.53,1.79,1.97,1.30,1.60,1.59,2.56,2.85,3.65,3.50,2.61,3.65,4.56,2.96,3.28,4.55,3.49,4.57,7.67,4.19,6.79,12.53
March 2025,21.30,33.93,22.25,37.56,13.32,7.96,7.70,9.30,5.81,13.57,10.01,5.98,6.49,4.34,28.81,7.14,4.92,1.51,6.15,3.84,5.80,6.63,4.02,4.09,4.52,5.58,7.53,6.79,3.46,4.83,5.12,4.20,5.74,1.50,4.83,0.92,0.74,5.93,2.79,3.20,2.30,4.24,4.86,4.19,4.75,2.61,3.90,5.77,4.64,3.32,1.36,2.29,3.16,3.59,2.51,7.00,4.52,4.47,3.40,4.02,3.53,3.44,3.72,3.46,4.44,1.90,4.69,3.05,3.09,2.86,2.99,3.27,5.77,9.95,4.07,5.12,2.73,3.53,5.76,7.54,4.19,4.75,7.70,10.36,13.82,1.59,49.68,5.76,6.52,1.74,2.06,1.41,1.45,1.56,2.52,2.77,3.65,3.49,2.68,3.83,4.83,2.99,3.28,4.68,3.52,4.81,7.42,4.05,7.03,13.59
April 2025,22.02,31.88,26.97,25.37,13.04,10.38,9.61,10.42,5.74,12.90,12.69,6.32,6.34,4.41,27.25,7.21,4.94,1.74,6.36,3.82,5.80,6.65,3.91,3.98,4.16,5.45,7.34,6.61,3.62,4.82,5.86,4.54,5.27,1.49,4.66,0.91,0.74,5.94,3.00,2.75,2.38,4.48,4.90,3.84,4.47,2.53,3.67,5.83,4.84,3.32,1.22,2.31,3.06,3.60,2.20,7.27,4.52,4.45,3.55,3.93,3.34,3.17,3.63,3.20,4.49,1.87,4.66,3.06,3.18,2.74,3.12,3.23,5.69,9.44,4.13,4.90,2.99,3.64,5.78,7.73,4.27,4.90,7.99,9.22,11.94,1.62,48.94,6.04,6.45,1.89,2.13,1.33,1.59,1.52,2.57,2.80,3.64,3.52,2.70,3.61,4.80,2.95,3.28,4.69,3.76,4.83,7.59,4.06,7.19,13.49
May 2025,22.91,31.19,22.99,30.53,14.53,7.72,8.57,10.53,5.56,13.73,12.93,7.97,6.75,4.31,27.55,7.42,4.46,1.66,6.30,3.84,5.80,6.68,3.92,3.97,4.62,5.59,7.04,6.67,3.64,4.83,5.94,4.62,5.80,1.52,5.28,0.93,0.70,9.12,3.91,2.74,2.41,5.46,4.98,4.19,4.33,2.80,3.94,5.80,4.99,3.35,1.26,2.36,3.07,3.49,2.62,7.33,5.22,4.30,3.52,4.20,3.64,3.50,3.80,3.50,4.77,1.97,4.85,3.07,3.16,2.84,3.15,3.26,5.57,9.48,4.15,5.30,3.22,3.65,5.84,8.52,4.22,4.71,8.59,10.60,11.77,1.64,50.38,6.07,6.33,1.75,2.17,1.45,1.63,1.55,2.42,2.78,3.53,3.46,2.72,3.34,4.94,2.91,3.28,4.97,3.94,4.81,7.71,3.97,7.25,13.00
June 2025,23.69,25.67,29.45,34.41,14.77,8.23,10.37,10.33,6.94,13.07,10.59,6.59,6.54,4.32,26.41,7.67,4.75,1.77,6.54,3.85,5.81,6.75,3.91,4.03,4.57,5.95,7.08,6.74,3.65,4.84,6.11,4.95,5.74,1.51,5.46,0.96,0.76,8.46,2.82,2.91,2.22,5.41,4.99,4.38,4.42,2.84,4.27,5.83,5.20,3.33,1.23,2.39,2.56,3.19,2.50,7.61,5.47,4.25,3.52,4.25,3.68,3.49,3.81,3.50,4.59,2.03,4.81,3.08,3.13,2.70,3.31,3.19,5.65,9.10,4.15,5.30,2.74,3.70,5.90,8.70,4.29,4.56,9.42,10.12,12.41,1.63,49.30,6.09,6.31,1.97,2.15,1.67,1.65,1.54,2.40,2.72,3.41,3.42,2.73,3.63,4.96,3.00,3.17,5.01,3.92,4.81,8.09,4.20,7.20,13.44
July 2025,23.91,30.78,28.82,30.30,14.28,7.99,9.76,10.37,6.40,14.62,12.25,6.38,6.64,4.54,27.70,7.52,4.75,1.87,6.89,3.84,5.81,6.64,3.99,4.05,4.52,5.75,6.91,6.90,3.64,4.85,6.23,5.00,5.61,1.51,5.70,0.96,0.78,8.30,2.51,3.03,2.15,4.68,5.10,4.42,4.53,2.76,4.16,5.76,5.27,3.29,1.27,2.21,2.41,2.98,2.67,7.19,5.09,4.14,3.76,4.36,3.75,3.60,3.94,3.59,4.74,2.04,4.87,3.06,3.18,2.85,3.32,3.33,5.68,9.17,4.20,5.26,3.21,3.76,5.94,9.23,4.33,4.64,9.38,9.28,11.04,1.63,50.62,6.11,6.27,1.86,2.22,1.83,1.66,1.56,2.46,2.78,3.34,3.36,2.78,3.68,4.99,3.04,3.35,4.94,3.94,4.79,8.01,4.09,7.20,12.94
August 2025,24.80,34.48,28.59,30.24,14.54,9.23,9.44,10.82,7.58,13.83,11.82,6.32,7.23,4.65,26.53,7.40,4.80,1.65,6.98,3.86,5.77,6.66,3.94,4.01,4.62,5.87,7.25,6.97,3.62,4.85,6.40,4.93,5.74,1.52,5.58,0.98,0.80,5.94,2.44,3.74,2.03,4.40,4.93,4.50,4.64,2.65,3.52,5.61,4.53,2.54,1.45,2.45,2.66,2.93,2.35,7.53,4.42,4.26,3.66,4.36,3.70,3.54,3.92,3.56,4.64,2.05,4.75,3.01,3.17,2.84,3.05,3.16,5.67,9.60,4.11,5.33,3.26,3.66,6.12,9.22,4.30,4.62,8.09,10.84,11.63,1.63,49.13,5.50,6.30,1.99,1.87,1.56,1.60,1.54,2.54,2.95,3.50,3.55,2.75,3.82,4.91,2.95,3.72,5.04,3.99,4.88,7.12,4.07,7.41,13.24